"proteinID","geneName","ratio0","ratio120","target","binder"
"","",0,0,FALSE,"adh3"
"YDR167W","TAF10",0,-1.18721429113256,FALSE,"apm3"
"YDR171W","HSP42",0,1.32481060342048,FALSE,"apm3"
"YDR258C","HSP78",0,1.26741594303495,FALSE,"apm3"
"YFR053C","HXK1",0,1.22878791267338,FALSE,"apm3"
"YGL062W","PYC1",0,-1.17971073308354,FALSE,"apm3"
"YGL245W","GUS1",0.0543622884496891,-0.100437639845307,TRUE,"apm3"
"YGR088W","CTT1",0,1.62961307640255,FALSE,"apm3"
"YHL021C","AIM17",0,1.05727696507325,FALSE,"apm3"
"YIL038C","NOT3",0,-1.06163139433915,FALSE,"apm3"
"YIL136W","OM45",0,1.35411359249238,FALSE,"apm3"
"YJL130C","URA2",0,-1.21574730659542,FALSE,"apm3"
"YKL028W","TFA1",0,-1.26105062198803,FALSE,"apm3"
"YLR178C","TFS1",0,1.01628236012999,FALSE,"apm3"
"YLR249W","YEF3",0.0464212112487104,-0.215529519811619,TRUE,"apm3"
"YML100W","TSL1",0,1.22020611308018,FALSE,"apm3"
"YMR090W","YMR090W",0,1.08501667348871,FALSE,"apm3"
"YMR105C","PGM2",0,1.46717512261402,FALSE,"apm3"
"YNL036W","NCE103",0,-2.01374198942478,FALSE,"apm3"
"YOR173W","DCS2",0,2.38084025031927,FALSE,"apm3"
"YPL106C","SSE1",0.087191249562623,-0.0705422616713657,TRUE,"apm3"
"YPL231W","FAS2",0.196481148982308,-0.00875481509815059,TRUE,"apm3"
"YPR160W","GPH1",0,1.37167037096268,FALSE,"apm3"
"YER091C","MET6",-0.697452826767021,-0.292104202358753,TRUE,"bfr1"
"YPR102C;YGR085C","RPL11A;RPL11B",0,0.178746505981816,TRUE,"bfr1"
"YGR264C","MES1",0,1.44726179517457,FALSE,"bfr1"
"YJR045C","SSC1",0.314522521791615,-0.824596759657088,TRUE,"bfr1"
"YLR259C","HSP60",0,2.27067843671181,FALSE,"bfr1"
"YLR354C","TAL1",0,-1.20390067229657,FALSE,"bfr1"
"YPL106C","SSE1",0,0.00331438850667701,TRUE,"bfr1"
"YAL023C","PMT2",0,0.35501626421955,TRUE,"dbp3"
"YAR002C-A","ERP1",0,-0.158413261187182,TRUE,"dbp3"
"YCL030C","HIS4",0,1.97727992349992,FALSE,"dbp3"
"YCL057W","PRD1",0,-1.06588362106092,FALSE,"dbp3"
"YDR019C","GCV1",0,1.1794473537201,FALSE,"dbp3"
"YDR064W","RPS13",0,-0.0641329605039927,TRUE,"dbp3"
"YER037W","PHM8",0,-1.49834176017855,FALSE,"dbp3"
"YER055C","HIS1",0,1.16703672211749,FALSE,"dbp3"
"YER072W","VTC1",0,1.14450325949255,FALSE,"dbp3"
"YER174C","GRX4",0,1.56696124231449,FALSE,"dbp3"
"YGL092W","NUP145",0,1.00784133967846,FALSE,"dbp3"
"YGL171W","ROK1",0,1.08386009538357,FALSE,"dbp3"
"YGL245W","GUS1",0,0.292546187950339,TRUE,"dbp3"
"YPR102C;YGR085C","RPL11A;RPL11B",-0.21767531512968,0.0366088286051014,TRUE,"dbp3"
"YHL033C","RPL8A",0,-1.14057106690207,FALSE,"dbp3"
"YJR009C","TDH2",0,-1.17553354582686,FALSE,"dbp3"
"YJR103W","URA8",0,-1.20200756758231,FALSE,"dbp3"
"YJR109C","CPA2",0,1.43317312404428,FALSE,"dbp3"
"YKL029C","MAE1",0,0.403376806687082,TRUE,"dbp3"
"YKL127W","PGM1",0,0.230080016218908,TRUE,"dbp3"
"YKL135C","APL2",0,1.57502182592942,FALSE,"dbp3"
"YKR056W","TRM2",0,1.27697301878873,FALSE,"dbp3"
"YLR249W","YEF3",0.41510963222758,0.369382725338941,TRUE,"dbp3"
"YMR108W","ILV2",0,0.560812760992322,TRUE,"dbp3"
"YMR120C","ADE17",0,1.61621652619166,FALSE,"dbp3"
"YMR145C","NDE1",0,1.15146919750308,FALSE,"dbp3"
"YNL036W","NCE103",0,2.16375633339791,FALSE,"dbp3"
"YNL112W","DBP2",0,0.581688680228645,TRUE,"dbp3"
"YOL143C","RIB4",0,-1.35162659786977,FALSE,"dbp3"
"YPL019C","VTC3",0,1.71114244954435,FALSE,"dbp3"
"YPL106C","SSE1",0,0.0432044985651676,TRUE,"dbp3"
"YPL231W","FAS2",0,0.128821280650134,TRUE,"dbp3"
"YPR102C;YGR085C","RPL11A;RPL11B",0,0.0356239097307212,TRUE,"elf1"
"YPL231W","FAS2",0.152507948364903,-0.141875737444287,TRUE,"elf1"
"YAL023C","PMT2",0,-0.00257028540603943,TRUE,"fun12"
"YAR002C-A","ERP1",0,-0.0186441576232769,TRUE,"fun12"
"YCL057W","PRD1",0,1.49221212241846,FALSE,"fun12"
"YCR004C","YCP4",0,-0.12021582850909,TRUE,"fun12"
"YDR064W","RPS13",0,-0.108534149918038,TRUE,"fun12"
"YER112W","LSM4",0,-2.14235335087659,FALSE,"fun12"
"YGL245W","GUS1",0,0.142740172116082,TRUE,"fun12"
"YPR102C;YGR085C","RPL11A;RPL11B",-0.0125044930350278,-0.0664273617389761,TRUE,"fun12"
"YIL150C","MCM10",0,-2.92204608486069,FALSE,"fun12"
"YJL052W","TDH1",0,-1.18033181650354,FALSE,"fun12"
"YKL029C","MAE1",0,0.22650852980868,TRUE,"fun12"
"YKL127W","PGM1",0,0.228603231948469,TRUE,"fun12"
"YKR048C","NAP1",0,-1.62785024131468,FALSE,"fun12"
"YLR075W","RPL10",-0.094279423483136,-0.101768425222795,TRUE,"fun12"
"YLR150W","STM1",0,0.103128316217225,TRUE,"fun12"
"YLR249W","YEF3",0.113700499164728,0.0144981269993528,TRUE,"fun12"
"YLR369W","SSQ1",0,-1.42705214001188,FALSE,"fun12"
"YML128C","MSC1",0,-1.51927990609647,FALSE,"fun12"
"YMR031C","EIS1",0,-1.60968450266725,FALSE,"fun12"
"YMR108W","ILV2",0,-0.0543323730354832,TRUE,"fun12"
"YMR120C","ADE17",0.0824300999459491,1.02779101859043,FALSE,"fun12"
"YNL112W","DBP2",0,-0.0671224398537534,TRUE,"fun12"
"YOR197W","MCA1",0,-1.04549098445108,FALSE,"fun12"
"YPL019C","VTC3",0,1.35066696592921,FALSE,"fun12"
"YPL106C","SSE1",-0.163445642082228,0.0749164020524617,TRUE,"fun12"
"YPL231W","FAS2",0.0725860470685965,0.0284277045726673,TRUE,"fun12"
"YPR062W","FCY1",0,-0.0713605885197893,TRUE,"fun12"
"YPR189W","SKI3",0,-1.84197326319669,FALSE,"fun12"
"Q0120","BI4",0,1.36092607368487,FALSE,"gcn20"
"YFL016C","MDJ1",0,-1.26458180447156,FALSE,"gcn20"
"YJL130C","URA2",0,-1.03898425017682,FALSE,"gcn20"
"YKL148C;YJL045W","SDH1",0,1.02133758296569,FALSE,"gcn20"
"YLR399C","BDF1",0,-1.02113078168334,FALSE,"gcn20"
"YNL036W","NCE103",0,-1.02517703902317,FALSE,"gcn20"
"YNL185C","MRPL19",0,1.31631955050282,FALSE,"gcn20"
"YNR015W","SMM1",0,1.6185205879888,FALSE,"gcn20"
"YPL231W","FAS2",0,-0.0879940311404055,TRUE,"gcn20"
"YBR247C","ENP1",0,-2.1793186075887,FALSE,"gde1"
"YCL030C","HIS4",0,1.45080215287982,FALSE,"gde1"
"YGL062W","PYC1",0,-1.22236356772417,FALSE,"gde1"
"YHR070W","TRM5",0,-1.14168473633533,FALSE,"gde1"
"YJL130C","URA2",0,-1.14723406091363,FALSE,"gde1"
"YKL106W","AAT1",0,-1.89217824408715,FALSE,"gde1"
"YLR420W","URA4",0,-1.07603697729745,FALSE,"gde1"
"YLR438W","CAR2",0,-1.08463972632544,FALSE,"gde1"
"YML080W","DUS1",0,-1.45894118569227,FALSE,"gde1"
"YML092C","PRE8",0,-1.64737705173277,FALSE,"gde1"
"YNL036W","NCE103",0,-2.16223433150336,FALSE,"gde1"
"YOL058W","ARG1",0,1.3292384331173,FALSE,"gde1"
"YAL023C","PMT2",0,-0.29440244507348,TRUE,"gis2"
"YAL032C","PRP45",0,1.14195588558364,FALSE,"gis2"
"YBL002W;YDR224C","HTB2;HTB1",0,0.0120680233090903,TRUE,"gis2"
"YDR225W;YBL003C","HTA1;HTA2",0,0.13198450875653,TRUE,"gis2"
"YBL017C","PEP1",0,0.124460486274336,TRUE,"gis2"
"YBL064C","PRX1",0,1.17587585097706,FALSE,"gis2"
"YBL098W","BNA4",0,1.04152336218435,FALSE,"gis2"
"YBR015C","MNN2",0,0.311619363406843,TRUE,"gis2"
"YBR056W","YBR056W",0,1.0124971626829,FALSE,"gis2"
"YBR057C","MUM2",0,1.2218152278737,FALSE,"gis2"
"YBR072W","HSP26",0,1.88346441810232,FALSE,"gis2"
"YBR087W","RFC5",0,-1.06706198498277,FALSE,"gis2"
"YBR111C","YSA1",0,0.934101277798241,TRUE,"gis2"
"YBR126C","TPS1",0,1.52411383815412,FALSE,"gis2"
"YBR149W","ARA1",0,1.06660588420444,FALSE,"gis2"
"YBR169C","SSE2",0,1.64565555061798,FALSE,"gis2"
"YBR229C","ROT2",0,0.175045486110914,TRUE,"gis2"
"YBR230C","OM14",0,1.25707098075246,FALSE,"gis2"
"YCL040W","GLK1",0,2.08014597862949,FALSE,"gis2"
"YDL022W","GPD1",-1.22887504687163,1.29719141656586,FALSE,"gis2"
"YDL124W","YDL124W",0,1.27351588970212,FALSE,"gis2"
"YDR001C;YBR001C","NTH1;NTH2",0,1.29725012117171,FALSE,"gis2"
"YDR032C","PST2",0,1.22354611595282,FALSE,"gis2"
"YDR074W","TPS2",0,1.5856356013623,FALSE,"gis2"
"YDR135C","YCF1",0,0.581399456723873,TRUE,"gis2"
"YDR171W","HSP42",0,1.7040308847996,FALSE,"gis2"
"YDR297W","SUR2",0,-0.375477942023138,TRUE,"gis2"
"YDR328C","SKP1",0,0.396707521383976,TRUE,"gis2"
"YDR358W","GGA1",0,1.11948898519966,FALSE,"gis2"
"YDR454C","GUK1",0,0.00460925325258967,TRUE,"gis2"
"YDR487C","RIB3",0,-0.171920907324401,TRUE,"gis2"
"YDR516C","EMI2",0,1.49646234958226,FALSE,"gis2"
"YDR518W","EUG1",0,0.20426594528956,TRUE,"gis2"
"YDR533C","HSP31",0,1.73980490759039,FALSE,"gis2"
"YEL024W","RIP1",0,1.13323470635714,FALSE,"gis2"
"YER048W-A","ISD11",0,0.351967480859441,TRUE,"gis2"
"YER062C","GPP2",0,1.58164048033753,FALSE,"gis2"
"YER103W","SSA4",0,1.10755397028965,FALSE,"gis2"
"YFL048C","EMP47",0,0.0824300999459491,TRUE,"gis2"
"YFR053C","HXK1",0,2.66218270808274,FALSE,"gis2"
"YGL037C","PNC1",0,1.90715987355099,FALSE,"gis2"
"YGL043W","DST1",0,0.100977647724821,TRUE,"gis2"
"YGR019W","UGA1",0,1.40669992332655,FALSE,"gis2"
"YGR156W","PTI1",0,0.729965997446928,TRUE,"gis2"
"YGR167W","CLC1",0,0.402176424979483,TRUE,"gis2"
"YGR175C","ERG1",0,-0.453340093559165,TRUE,"gis2"
"YGR254W","ENO1",-0.252810272777515,1.09929520433778,FALSE,"gis2"
"YHL021C","AIM17",0,2.21400042972961,FALSE,"gis2"
"YHR104W","GRE3",0,1.20626812452098,FALSE,"gis2"
"YIL155C","GUT2",0,1.64814327419417,FALSE,"gis2"
"YIR035C","YIR035C",0,1.08161232285789,FALSE,"gis2"
"YIR038C","GTT1",0,1.3872522388335,FALSE,"gis2"
"YJL052W","TDH1",0.391547780167342,1.79547605252162,FALSE,"gis2"
"YJL172W","CPS1",0,0.479954831690671,TRUE,"gis2"
"YJL186W","MNN5",0,-0.0912178291000666,TRUE,"gis2"
"YJR025C","BNA1",0,1.19383481065384,FALSE,"gis2"
"YKL035W","UGP1",0,1.01613970265525,FALSE,"gis2"
"YKL103C","APE1",0,1.32509853776749,FALSE,"gis2"
"YKL150W","MCR1",1.63203550398342,1.5129347839967,FALSE,"gis2"
"YKL151C","YKL151C",0,1.88479326254353,FALSE,"gis2"
"YKL168C","KKQ8",0,1.03541276817742,FALSE,"gis2"
"YKR066C","CCP1",0,0.795600729101306,TRUE,"gis2"
"YKR095W-A","PCC1",0,1.77728293575566,FALSE,"gis2"
"YLL026W","HSP104",0,1.05859357727236,FALSE,"gis2"
"YLL041C","SDH2",0,1.34465808988176,FALSE,"gis2"
"YLR083C","EMP70",0,-0.548564669562996,TRUE,"gis2"
"YLR086W","SMC4",0,1.33473987866864,FALSE,"gis2"
"YLR258W","GSY2",0,1.50756632753404,FALSE,"gis2"
"YLR262C-A","TMA7",0,0.242937800200565,TRUE,"gis2"
"YLR275W","SMD2",0,1.02729562405091,FALSE,"gis2"
"YLR448W","RPL6B",-0.186508146240368,-0.398208416137974,TRUE,"gis2"
"YML100W","TSL1",0,2.10644882889577,FALSE,"gis2"
"YML128C","MSC1",0,3.13504228623365,FALSE,"gis2"
"YMR090W","YMR090W",0,3.15292972735954,FALSE,"gis2"
"YMR105C","PGM2",0,2.25716151983692,FALSE,"gis2"
"YMR129W","POM152",0,0.121148056475311,TRUE,"gis2"
"YMR169C","ALD3",0,1.74996325816927,FALSE,"gis2"
"YMR311C","GLC8",0,1.23860345449236,FALSE,"gis2"
"YNL015W","PBI2",0,1.4365349937602,FALSE,"gis2"
"YNL200C","YNL200C",0,1.14860877020522,FALSE,"gis2"
"YNL255C","GIS2",0,-3.77700754232545,FALSE,"gis2"
"YNL274C","GOR1",0,1.70566832470645,FALSE,"gis2"
"YOL121C","RPS19A",0.312665173558394,0.0806576633452252,TRUE,"gis2"
"YOR099W","KTR1",0,0.257010618206024,TRUE,"gis2"
"YOR215C","AIM41",0,1.05505679336894,FALSE,"gis2"
"YOR254C","SEC63",0,-0.121596383019004,TRUE,"gis2"
"YPL004C","LSP1",0.517225292502459,1.12386480990996,FALSE,"gis2"
"YPL154C","PEP4",0,1.11875838897983,FALSE,"gis2"
"YPL249C-A","RPL36B",0.177088602105968,-0.0300151685193056,TRUE,"gis2"
"YPR127W","YPR127W",0,1.2644163265167,FALSE,"gis2"
"YPR159W","KRE6",0,-0.154024281664407,TRUE,"gis2"
"YAL023C","PMT2",0,-0.0137128596651385,TRUE,"kel3"
"YAL038W","CDC19",0.0974759590132685,0.287354085029207,TRUE,"kel3"
"YAR002C-A","ERP1",-0.114675542204645,-0.145158538989132,TRUE,"kel3"
"YBL099W","ATP1",0,-0.342963720922448,TRUE,"kel3"
"YCR004C","YCP4",0,-0.00296056044615673,TRUE,"kel3"
"YDR044W","HEM13",0,-1.09117172408621,FALSE,"kel3"
"YDR064W","RPS13",0,-0.0343819233803904,TRUE,"kel3"
"YDR171W","HSP42",0,-1.23473684532474,FALSE,"kel3"
"YDR502C","SAM2",0,1.02467428041162,FALSE,"kel3"
"YER091C","MET6",-0.650498839162427,0.532067552289031,TRUE,"kel3"
"YFL014W","HSP12",0,-1.24869054018943,FALSE,"kel3"
"YPL220W;YGL135W","RPL1A;RPL1B",-0.103332893336505,-0.129449838203609,TRUE,"kel3"
"YGL245W","GUS1",0,0.178746505981816,TRUE,"kel3"
"YPR102C;YGR085C","RPL11A;RPL11B",0.0792927672728535,0.0511632525821146,TRUE,"kel3"
"YIL136W","OM45",0,-1.04641440462956,FALSE,"kel3"
"YJL052W","TDH1",-1.61307871778218,-1.94258438757276,FALSE,"kel3"
"YJL121C","RPE1",0,-0.0713909058375358,TRUE,"kel3"
"YJL130C","URA2",0,-1.15723834283487,FALSE,"kel3"
"YJR016C","ILV3",0,-0.506721584080756,TRUE,"kel3"
"YJR045C","SSC1",0.24074173121534,0.174917695239588,TRUE,"kel3"
"YJR064W","CCT5",0,0.0698396250686344,TRUE,"kel3"
"YKL029C","MAE1",0,-0.418465565091673,TRUE,"kel3"
"YKL127W","PGM1",0,0.332851122072154,TRUE,"kel3"
"YLR075W","RPL10",-0.0921094824293697,-0.112318770657008,TRUE,"kel3"
"YLR150W","STM1",0,0.123798608462622,TRUE,"kel3"
"YLR178C","TFS1",0,-1.02717502844212,FALSE,"kel3"
"YLR180W","SAM1",0.255319440705788,1.06329584202958,FALSE,"kel3"
"YLR249W","YEF3",-0.195880339681423,-0.133005007919189,TRUE,"kel3"
"YML128C","MSC1",-0.950564392630238,-1.53320062814755,FALSE,"kel3"
"YML131W","YML131W",0,1.04670058674162,FALSE,"kel3"
"YMR031C","EIS1",0,-1.16271873369738,FALSE,"kel3"
"YMR096W","SNZ1",0,-1.76650456332546,FALSE,"kel3"
"YMR108W","ILV2",-0.399482839796615,-0.193172788630329,TRUE,"kel3"
"YNL036W","NCE103",-0.117223935397031,1.95490352297542,FALSE,"kel3"
"YNL112W","DBP2",0,-0.288698934102251,TRUE,"kel3"
"YOL058W","ARG1",0,-1.0453718765013,FALSE,"kel3"
"YOL140W","ARG8",0,-1.79756347100749,FALSE,"kel3"
"YPL019C","VTC3",0,1.26393580857533,FALSE,"kel3"
"YPL037C","EGD1",0,-0.191458434175257,TRUE,"kel3"
"YPL106C","SSE1",0.298775603076542,0.136847604192881,TRUE,"kel3"
"YPL231W","FAS2",0,0.293370484204753,TRUE,"kel3"
"","",0,0,FALSE,"lys1"
"YDR033W;YBR054W","MRH1;YRO2",0,-1.69310784902393,FALSE,"mrh1"
"YDR258C","HSP78",0,-1.05547135075142,FALSE,"mrh1"
"YGL092W","NUP145",0,1.0112093614203,FALSE,"mrh1"
"YJL130C","URA2",0,-1.15418481477843,FALSE,"mrh1"
"YNL112W","DBP2",-0.0210283066297883,0.202637126189838,TRUE,"mrh1"
"YPL019C","VTC3",0,1.16343432481659,FALSE,"mrh1"
"YAR002C-A","ERP1",0,0.262793936620655,TRUE,"nop6"
"YDR064W","RPS13",0,-0.0975173130166089,TRUE,"nop6"
"YGL122C","NAB2",0,-1.67461358534023,FALSE,"nop6"
"YGL245W","GUS1",0.0553345017510994,0.332163687954531,TRUE,"nop6"
"YPR102C;YGR085C","RPL11A;RPL11B",0.00762609237617795,-0.0142809960955926,TRUE,"nop6"
"YIL035C","CKA1",0,1.13237942505287,FALSE,"nop6"
"YJL060W","BNA3",0,1.22718656043148,FALSE,"nop6"
"YKL041W","VPS24",0,-1.42371974237864,FALSE,"nop6"
"YKL127W","PGM1",0,0.0571383043935418,TRUE,"nop6"
"YLR249W","YEF3",-0.107694469659284,0.188780697792142,TRUE,"nop6"
"YLR270W","DCS1",0,1.22014418819378,FALSE,"nop6"
"YML125C","PGA3",0,1.86639369771677,FALSE,"nop6"
"YMR149W","SWP1",0,1.77799825566867,FALSE,"nop6"
"YNL112W","DBP2",0,-0.338870655264922,TRUE,"nop6"
"YOR356W","CIR2",0,-1.17019913954403,FALSE,"nop6"
"YPL106C","SSE1",-0.404343580406569,0.416731670820911,TRUE,"nop6"
"YPL231W","FAS2",0,-0.126596246596976,TRUE,"nop6"
"YAL038W","CDC19",0.393526032228356,0.109026176498367,TRUE,"nsr1_1"
"YAR002C-A","ERP1",-0.134524550809411,-0.0594799029967009,TRUE,"nsr1_1"
"YBL047C","EDE1",0,-1.1084874881914,FALSE,"nsr1_1"
"YBL099W","ATP1",0,0.20426594528956,TRUE,"nsr1_1"
"YCL030C","HIS4",-1.79535843438958,-1.27480854631881,FALSE,"nsr1_1"
"YCL040W","GLK1",0,-1.13036544418661,FALSE,"nsr1_1"
"YCR004C","YCP4",0,-0.255167238637017,TRUE,"nsr1_1"
"YCR012W","PGK1",-0.590288651417705,-1.1171300496689,FALSE,"nsr1_1"
"YDL061C","RPS29B",0,-1.3460778346162,FALSE,"nsr1_1"
"YDR019C","GCV1",0,1.41565051441473,FALSE,"nsr1_1"
"YDR064W","RPS13",0,-0.655557788030344,TRUE,"nsr1_1"
"YDR354W","TRP4",0,-0.0042911798325236,TRUE,"nsr1_1"
"YDR479C","PEX29",0,2.27268016762593,FALSE,"nsr1_1"
"YER091C","MET6",-1.30878746239336,-1.79350680409871,FALSE,"nsr1_1"
"YER110C","KAP123",0.0196307563355084,-0.0702241487655407,TRUE,"nsr1_1"
"YER128W","VFA1",0,1.20320115631661,FALSE,"nsr1_1"
"YFL039C","ACT1",-0.138139892592613,-0.203202923619119,TRUE,"nsr1_1"
"YFR053C","HXK1",0,-1.42228840123632,FALSE,"nsr1_1"
"YPL220W;YGL135W","RPL1A;RPL1B",0.209266193050026,0.297132709571163,TRUE,"nsr1_1"
"YGL147C","RPL9A",0,1.73292038210826,FALSE,"nsr1_1"
"YGL234W","ADE5,7",0,-0.161927627548832,TRUE,"nsr1_1"
"YGL245W","GUS1",-0.298193698314437,-0.054017814002537,TRUE,"nsr1_1"
"YPR102C;YGR085C","RPL11A;RPL11B",0.314058408858261,0.33776817092163,TRUE,"nsr1_1"
"YGR094W","VAS1",-0.0648571141349022,-0.0794170463764537,TRUE,"nsr1_1"
"YGR254W","ENO1",-0.0815221687763197,-1.52994736822058,FALSE,"nsr1_1"
"YHL021C","AIM17",0,-1.54894454274926,FALSE,"nsr1_1"
"YHL031C","GOS1",0,1.06667476272446,FALSE,"nsr1_1"
"YHR009C","TDA3",0,-1.1927440089943,FALSE,"nsr1_1"
"YIR035C","YIR035C",0,0.389016059688509,TRUE,"nsr1_1"
"YJL010C","NOP9",0,-0.204681886614872,TRUE,"nsr1_1"
"YJL033W","HCA4",0,1.07423139418579,FALSE,"nsr1_1"
"YJL052W","TDH1",0,-2.26485912583162,FALSE,"nsr1_1"
"YJL172W","CPS1",0,-1.06875567969711,FALSE,"nsr1_1"
"YJR009C","TDH2",-0.469070290727834,-1.80954948681182,FALSE,"nsr1_1"
"YJR016C","ILV3",0,-0.111445713915395,TRUE,"nsr1_1"
"YJR045C","SSC1",-0.361434918996344,-0.547004018702168,TRUE,"nsr1_1"
"YJR048W","CYC1",0,1.87605521027017,FALSE,"nsr1_1"
"YKL016C","ATP7",0,1.17976580835815,FALSE,"nsr1_1"
"YKL029C","MAE1",0,0.266996371986216,TRUE,"nsr1_1"
"YKL060C","FBA1",-0.294951028606318,-0.778061068371376,TRUE,"nsr1_1"
"YKL103C","APE1",0,-2.01193705562729,FALSE,"nsr1_1"
"YKL127W","PGM1",0,-0.454802591739504,TRUE,"nsr1_1"
"YKL184W","SPE1",0,-1.4003775108143,FALSE,"nsr1_1"
"YLL060C","GTT2",0,1.25803643817501,FALSE,"nsr1_1"
"YLR075W","RPL10",0.40261304298717,0.318808503225839,TRUE,"nsr1_1"
"YLR150W","STM1",0,-0.0332889949173007,TRUE,"nsr1_1"
"YLR249W","YEF3",0.37506724206761,0.231678161798511,TRUE,"nsr1_1"
"YLR303W","MET17",0,-2.252363399794,FALSE,"nsr1_1"
"YLR438W","CAR2",-0.966658055972438,-1.26857343279719,FALSE,"nsr1_1"
"YLR449W","FPR4",0,0.0788830465219891,TRUE,"nsr1_1"
"YML056C","IMD4",0,-1.09674572754919,FALSE,"nsr1_1"
"YML128C","MSC1",0,-1.550042516372,FALSE,"nsr1_1"
"YMR105C","PGM2",0,-1.22185872289944,FALSE,"nsr1_1"
"YMR108W","ILV2",0.17683337078449,0.328606717427416,TRUE,"nsr1_1"
"YMR189W","GCV2",0,1.15853092476042,FALSE,"nsr1_1"
"YNL036W","NCE103",0,1.67870294616286,FALSE,"nsr1_1"
"YNL112W","DBP2",0,0.774418104105813,TRUE,"nsr1_1"
"YOL058W","ARG1",0,-1.30514654465396,FALSE,"nsr1_1"
"YOL086C","ADH1",-0.385506870844628,-1.0189657146977,TRUE,"nsr1_1"
"YOL088C","MPD2",0,-0.00407414726670411,TRUE,"nsr1_1"
"YOL143C","RIB4",0,1.15794915378369,FALSE,"nsr1_1"
"YOL151W","GRE2",1.06750104856657,1.15620243192264,FALSE,"nsr1_1"
"YOR303W","CPA1",0,1.94493338905791,FALSE,"nsr1_1"
"YPL037C","EGD1",0,0.114500293165193,TRUE,"nsr1_1"
"YPL106C","SSE1",0.358958825832329,0.118891252178427,TRUE,"nsr1_1"
"YPL160W","CDC60",-0.527761797372526,-0.246429691766386,TRUE,"nsr1_1"
"YPL231W","FAS2",0.0688771408503078,-0.48788438610625,TRUE,"nsr1_1"
"YPL266W","DIM1",0,1.22657018212556,FALSE,"nsr1_1"
"YAL023C","PMT2",0,0.0773797407970136,TRUE,"nsr1_2"
"YAL038W","CDC19",-0.106202910386633,0.424169648802638,TRUE,"nsr1_2"
"YAR002C-A","ERP1",0,-0.489078577993908,TRUE,"nsr1_2"
"YHR215W;YAR071W","PHO12;PHO11",0,1.79622395043412,FALSE,"nsr1_2"
"YBL017C","PEP1",0,-1.20200756758231,FALSE,"nsr1_2"
"YBL045C","COR1",0,-1.47983425339278,FALSE,"nsr1_2"
"YBL099W","ATP1",0,-1.08027092864423,TRUE,"nsr1_2"
"YBR026C","ETR1",0,-1.20736117223176,FALSE,"nsr1_2"
"YBR039W","ATP3",-1.14324531922211,-1.13128163162771,FALSE,"nsr1_2"
"YDR025W;YBR048W","RPS11A;RPS11B",0.996822574458976,1.75565673440824,FALSE,"nsr1_2"
"YBR052C","RFS1",0,-1.52275787768774,FALSE,"nsr1_2"
"YBR056W","YBR056W",0,-1.48697422580801,FALSE,"nsr1_2"
"YBR120C","CBP6",0,-1.4195457443315,FALSE,"nsr1_2"
"YBR126C","TPS1",0,-2.64981961485606,FALSE,"nsr1_2"
"YBR146W","MRPS9",0,-1.30660894657599,FALSE,"nsr1_2"
"YBR149W","ARA1",0,-1.59031037204674,FALSE,"nsr1_2"
"YBR169C","SSE2",0,-1.38194932994666,FALSE,"nsr1_2"
"YBR177C","EHT1",0,-1.18128030173252,FALSE,"nsr1_2"
"YCL040W","GLK1",0,-4.39899956757649,FALSE,"nsr1_2"
"YCR004C","YCP4",0,-0.951652198158873,TRUE,"nsr1_2"
"YDL022W","GPD1",0,-1.40571899486609,FALSE,"nsr1_2"
"YDL081C","RPP1A",0,1.02955889744912,FALSE,"nsr1_2"
"YDL086W","YDL086W",0,-1.02321113437494,FALSE,"nsr1_2"
"YDL124W","YDL124W",0,-2.48810695709678,FALSE,"nsr1_2"
"YDR007W","TRP1",0,-1.18931835190742,FALSE,"nsr1_2"
"YDR019C","GCV1",0,-1.61705613043101,FALSE,"nsr1_2"
"YDR032C","PST2",0,-1.55618120308751,FALSE,"nsr1_2"
"YDR033W;YBR054W","MRH1;YRO2",0,1.21983452388537,FALSE,"nsr1_2"
"YDR064W","RPS13",0,-0.0231818127949159,TRUE,"nsr1_2"
"YDR074W","TPS2",0,-2.54237419139247,FALSE,"nsr1_2"
"YDR148C","KGD2",0,-1.28289501103125,FALSE,"nsr1_2"
"YDR156W","RPA14",0,1.02871058595414,FALSE,"nsr1_2"
"YDR171W","HSP42",0,-1.83084464116911,FALSE,"nsr1_2"
"YDR214W","AHA1",0,1.11796095273242,FALSE,"nsr1_2"
"YDR298C","ATP5",0,-1.17667454457417,FALSE,"nsr1_2"
"YDR354W","TRP4",0,0.459116814466672,TRUE,"nsr1_2"
"YDR513W","GRX2",0,-1.01025061102363,FALSE,"nsr1_2"
"YEL060C","PRB1",0,-1.03723630077954,FALSE,"nsr1_2"
"YER025W","GCD11",0,1.39572091328595,FALSE,"nsr1_2"
"YER062C","GPP2",0,-1.88060397922861,FALSE,"nsr1_2"
"YER072W","VTC1",0,1.3311319222172,FALSE,"nsr1_2"
"YER091C","MET6",-0.415306827491225,-1.16065308349512,FALSE,"nsr1_2"
"YER110C","KAP123",0,0.233274538990934,TRUE,"nsr1_2"
"YER122C","GLO3",0,1.13191867886257,FALSE,"nsr1_2"
"YFL039C","ACT1",0,-0.348243354909127,TRUE,"nsr1_2"
"YFR014C","CMK1",0,-1.84461342924867,FALSE,"nsr1_2"
"YFR049W","YMR31",0,-1.06494765890167,FALSE,"nsr1_2"
"YGL037C","PNC1",0,-3.12092162883127,FALSE,"nsr1_2"
"YGL125W","MET13",0,-1.52578722507756,FALSE,"nsr1_2"
"YPL220W;YGL135W","RPL1A;RPL1B",0.306028869452206,-0.00101024015394212,TRUE,"nsr1_2"
"YGL234W","ADE5,7",0,0.116897018288262,TRUE,"nsr1_2"
"YGL245W","GUS1",0,0.445196982381709,TRUE,"nsr1_2"
"YGL248W","PDE1",0,-1.14947258272777,FALSE,"nsr1_2"
"YPR102C;YGR085C","RPL11A;RPL11B",0,0.219338922698467,TRUE,"nsr1_2"
"YGR094W","VAS1",0,0.0686020273786715,TRUE,"nsr1_2"
"YGR130C","YGR130C",0,-1.22004274288792,FALSE,"nsr1_2"
"YGR177C","ATF2",0,1.21456003561392,FALSE,"nsr1_2"
"YGR207C","CIR1",0,-1.03117932754051,FALSE,"nsr1_2"
"YGR234W","YHB1",0,1.61767462546868,FALSE,"nsr1_2"
"YGR244C","LSC2",0,-1.17270125218536,FALSE,"nsr1_2"
"YGR254W","ENO1",0,-2.39236431112953,FALSE,"nsr1_2"
"YHR008C","SOD2",0,-1.31018200989998,FALSE,"nsr1_2"
"YHR051W","COX6",0,-1.03362860023003,FALSE,"nsr1_2"
"YHR104W","GRE3",0,-1.40338920237613,FALSE,"nsr1_2"
"YNL162W;YHR141C","RPL42A;RPL42B",0.437866900870151,1.47555186690754,FALSE,"nsr1_2"
"YIL125W","KGD1",0,-1.1345720623234,FALSE,"nsr1_2"
"YIR026C","YVH1",0,1.03047733902327,FALSE,"nsr1_2"
"YIR035C","YIR035C",0,0.666665710594598,TRUE,"nsr1_2"
"YJL010C","NOP9",0,0.362441834125644,TRUE,"nsr1_2"
"YJL066C","MPM1",0,-1.47661870576369,FALSE,"nsr1_2"
"YJL130C","URA2",0,-1.54759433671632,FALSE,"nsr1_2"
"YJR016C","ILV3",0,-0.297909895268655,TRUE,"nsr1_2"
"YJR045C","SSC1",0,-0.283210987314509,TRUE,"nsr1_2"
"YJR103W","URA8",0,-1.12617105607837,FALSE,"nsr1_2"
"YJR121W","ATP2",0.479851386737349,-1.29282863757861,FALSE,"nsr1_2"
"YKL029C","MAE1",0,0.569393872036115,TRUE,"nsr1_2"
"YKL035W","UGP1",0,-1.4481936269188,FALSE,"nsr1_2"
"YKL058W","TOA2",0,-1.85820102289885,FALSE,"nsr1_2"
"YKL060C","FBA1",-0.00901610452329074,-0.0750336171299391,TRUE,"nsr1_2"
"YKL082C","RRP14",0,1.24750223538748,FALSE,"nsr1_2"
"YKL085W","MDH1",0,-1.57737946165944,FALSE,"nsr1_2"
"YKL103C","APE1",0,-2.57372450900266,FALSE,"nsr1_2"
"YKL110C","KTI12",0,1.15133930104228,FALSE,"nsr1_2"
"YKL127W","PGM1",0,0.122738971954545,TRUE,"nsr1_2"
"YKL138C","MRPL31",0,-1.00329310025572,FALSE,"nsr1_2"
"YKL142W","MRP8",0,-1.27690457318886,FALSE,"nsr1_2"
"YKL150W","MCR1",0,-2.4144220806747,FALSE,"nsr1_2"
"YKL151C","YKL151C",0,-2.12092162883127,FALSE,"nsr1_2"
"YKL193C","SDS22",0,-1.04403258921618,FALSE,"nsr1_2"
"YKR056W","TRM2",0,1.38305450144979,FALSE,"nsr1_2"
"YLL034C","RIX7",0,1.01585434537976,FALSE,"nsr1_2"
"YLL041C","SDH2",0,-1.74632531792691,FALSE,"nsr1_2"
"YLR029C","RPL15A",0,1.08834516129908,FALSE,"nsr1_2"
"YLR075W","RPL10",0.241962182215193,0.118758388979835,TRUE,"nsr1_2"
"YLR133W","CKI1",0,-1.02717502844212,FALSE,"nsr1_2"
"YLR150W","STM1",0,0.252415659032651,TRUE,"nsr1_2"
"YLR249W","YEF3",-0.110183833747565,0.226385217270386,TRUE,"nsr1_2"
"YLR270W","DCS1",0,-1.26073946161997,FALSE,"nsr1_2"
"YLR300W","EXG1",0,-1.14627575667091,FALSE,"nsr1_2"
"YLR449W","FPR4",0,1.2025744425618,TRUE,"nsr1_2"
"YML070W","DAK1",0,-1.10547322974261,FALSE,"nsr1_2"
"YML110C","COQ5",0,-1.36193543317865,FALSE,"nsr1_2"
"YML120C","NDI1",0,-1.47549495515342,FALSE,"nsr1_2"
"YMR105C","PGM2",0,-1.47240914672552,FALSE,"nsr1_2"
"YMR108W","ILV2",0.136716384488312,0.374288339169031,TRUE,"nsr1_2"
"YMR110C","HFD1",0,-1.10200066473021,FALSE,"nsr1_2"
"YMR297W","PRC1",0,-1.2137382148827,FALSE,"nsr1_2"
"YMR315W","YMR315W",0,-1.09643720887026,FALSE,"nsr1_2"
"YNL036W","NCE103",0,1.63477911090909,FALSE,"nsr1_2"
"YNL055C","POR1",0,-1.1949552386296,FALSE,"nsr1_2"
"YNL112W","DBP2",0,0.467905469061453,TRUE,"nsr1_2"
"YNL134C","YNL134C",0,-1.17833875988567,FALSE,"nsr1_2"
"YNL185C","MRPL19",0,1.53012069617467,FALSE,"nsr1_2"
"YOL120C;YNL301C","RPL18A;RPL18B",0,1.08127144554588,FALSE,"nsr1_2"
"YNR001C","CIT1",0,-1.1044802151133,FALSE,"nsr1_2"
"YOL086C","ADH1",0.239520246898117,-0.0264107645476594,TRUE,"nsr1_2"
"YOL088C","MPD2",0,-0.673945932092655,TRUE,"nsr1_2"
"YOR142W","LSC1",0,-1.17556613327117,FALSE,"nsr1_2"
"YOR176W","HEM15",0,-1.02491280647289,FALSE,"nsr1_2"
"YOR206W","NOC2",0,1.23523688908982,FALSE,"nsr1_2"
"YOR230W","WTM1",0,-1.06642736173898,FALSE,"nsr1_2"
"YOR317W","FAA1",0,-1.35251048937832,FALSE,"nsr1_2"
"YOR361C","PRT1",0,1.37139158392421,FALSE,"nsr1_2"
"YOR374W","ALD4",0,-1.34424518905982,FALSE,"nsr1_2"
"YPL004C","LSP1",-0.391001563823334,-1.88667288982618,FALSE,"nsr1_2"
"YPL078C","ATP4",0,-1.23287068419131,FALSE,"nsr1_2"
"YPL093W","NOG1",0,1.57390768213392,FALSE,"nsr1_2"
"YPL106C","SSE1",0,0.716069030482181,TRUE,"nsr1_2"
"YPL154C","PEP4",0,-1.62865302700178,FALSE,"nsr1_2"
"YPL160W","CDC60",0,-0.171774639641115,TRUE,"nsr1_2"
"YPL204W","HRR25",0,1.04544297076117,FALSE,"nsr1_2"
"YPL231W","FAS2",0,-0.72111124878645,TRUE,"nsr1_2"
"YPL240C","HSP82",0,1.03428615771194,FALSE,"nsr1_2"
"YPL271W","ATP15",0,-1.08133899266626,FALSE,"nsr1_2"
"YPR020W","ATP20",0,-1.15546972316483,FALSE,"nsr1_2"
"YPR062W","FCY1",0,0.174662079533588,TRUE,"nsr1_2"
"YPR155C","NCA2",0,-1.23953205973347,FALSE,"nsr1_2"
"YPR191W","QCR2",0,-1.43089782704644,FALSE,"nsr1_2"
"YAR002C-A","ERP1",0,-0.201526384392565,TRUE,"par32"
"YCL030C","HIS4",0,1.59076966745646,FALSE,"par32"
"YDR019C","GCV1",0,1.120020095616,FALSE,"par32"
"YDR380W","ARO10",0,-1.34186622489562,FALSE,"par32"
"YER073W","ALD5",0,1.31574010835474,FALSE,"par32"
"YFR004W","RPN11",0,1.13448382151079,FALSE,"par32"
"YGL009C","LEU1",0,2.46827050368364,FALSE,"par32"
"YGL210W","YPT32",0,1.11942258264788,FALSE,"par32"
"YGL245W","GUS1",0,-0.0467422119794307,TRUE,"par32"
"YHR137W","ARO9",0,-1.11256831251245,FALSE,"par32"
"YIL111W","COX5B",0,1.22866479481694,FALSE,"par32"
"YIR034C","LYS1",0,1.1155659959216,FALSE,"par32"
"YJR025C","BNA1",0,1.09929520433778,FALSE,"par32"
"YJR148W","BAT2",0,1.12313642685606,FALSE,"par32"
"YKL216W","URA1",0,1.21971063954878,FALSE,"par32"
"YLR249W","YEF3",0,0.173511248063922,TRUE,"par32"
"YLR303W","MET17",0,1.65411470259058,FALSE,"par32"
"YMR062C","ARG7",0,1.17772648293207,FALSE,"par32"
"YMR120C","ADE17",0,1.00956216295198,FALSE,"par32"
"YNL036W","NCE103",0,1.33879520322666,FALSE,"par32"
"YNL104C","LEU4",0,1.27166471097723,FALSE,"par32"
"YNL112W","DBP2",0,0.314638526699882,TRUE,"par32"
"YNL134C","YNL134C",0,-1.07169411406061,FALSE,"par32"
"YOR303W","CPA1",0,1.70588945789627,FALSE,"par32"
"YDL174C","DLD1",0.149519521490029,-1.01905342452178,FALSE,"pho92"
"YDR240C","SNU56",0,-1.06975468168534,FALSE,"pho92"
"YDR395W","SXM1",-0.146978450868729,1.06315775866032,FALSE,"pho92"
"YGL244W","RTF1",-0.244291998022206,-1.23415977408976,FALSE,"pho92"
"YGR234W","YHB1",-0.938292915208403,-1.3736636662881,FALSE,"pho92"
"YHR216W;YAR073W","IMD2;IMD1",-0.537110061590292,-1.04772608116995,FALSE,"pho92"
"YJL052W","TDH1",1.66979781149668,1.10614727971465,FALSE,"pho92"
"YJL153C","INO1",0,3.61906080445853,FALSE,"pho92"
"YJR117W","STE24",0.375178479589612,-2.14522235669825,FALSE,"pho92"
"YKL151C","YKL151C",1.06736336711961,1.10178452416693,FALSE,"pho92"
"YKL216W","URA1",1.52566800737528,1.95590791329779,FALSE,"pho92"
"YMR090W","YMR090W",1.25308162540759,1.17248751551013,FALSE,"pho92"
"YOL143C","RIB4",1.94766615679601,1.67784646639964,FALSE,"pho92"
"YOL151W","GRE2",-0.631287516271669,-1.02247827359615,FALSE,"pho92"
"YPL078C","ATP4",0.639880419850114,1.05422334733715,FALSE,"pho92"
"YPR160W","GPH1",2.1753329741914,1.92895770485762,FALSE,"pho92"
"YAL036C","RBG1",0,-0.445676383024539,TRUE,"puf2"
"YBL064C","PRX1",0,1.24573903242928,FALSE,"puf2"
"YBL069W;YBL068W-A","AST1",0,0.34414674773333,TRUE,"puf2"
"YBR056W","YBR056W",0,1.06908344153097,FALSE,"puf2"
"YBR126C","TPS1",0,1.05880135361619,FALSE,"puf2"
"YBR139W","YBR139W",0,1.02495789864439,FALSE,"puf2"
"YBR166C","TYR1",0,1.02934686633434,FALSE,"puf2"
"YBR252W","DUT1",0,0.0162110331559172,TRUE,"puf2"
"YCL040W","GLK1",0,1.74695764241365,FALSE,"puf2"
"YCL044C","MGR1",0,0.230326000028692,TRUE,"puf2"
"YDL022W","GPD1",0,1.23584957650756,FALSE,"puf2"
"YDL124W","YDL124W",0,1.25495678746137,FALSE,"puf2"
"YDL160C","DHH1",0,0.238175418577376,TRUE,"puf2"
"YDR033W;YBR054W","MRH1;YRO2",0,0.363451457071713,TRUE,"puf2"
"YDR064W","RPS13",0,-0.109063088323185,TRUE,"puf2"
"YDR074W","TPS2",0,1.46074256378964,FALSE,"puf2"
"YDR171W","HSP42",0,1.05192888499424,FALSE,"puf2"
"YDR391C","YDR391C",0,1.41234797436691,FALSE,"puf2"
"YDR453C","TSA2",0,3.00279251726335,FALSE,"puf2"
"YDR516C","EMI2",0,1.06039331222714,FALSE,"puf2"
"YDR533C","HSP31",0,1.32728496283117,FALSE,"puf2"
"YER062C","GPP2",0,1.48129894154757,FALSE,"puf2"
"YER103W","SSA4",0,1.2288494676618,FALSE,"puf2"
"YFL014W","HSP12",0,3.26313959851209,FALSE,"puf2"
"YFR024C-A","LSB3",0,-0.107212651709075,TRUE,"puf2"
"YFR053C","HXK1",0,2.22783347435592,FALSE,"puf2"
"YGL008C;YPL036W","PMA1;PMA2",0,-0.261309973569953,TRUE,"puf2"
"YGL014W","PUF4",0,-0.14181206759826,TRUE,"puf2"
"YGL037C","PNC1",0,1.44403091115839,FALSE,"puf2"
"YGL242C","YGL242C",0,1.18890726664259,FALSE,"puf2"
"YGR086C","PIL1",0,0.608714636620151,TRUE,"puf2"
"YHL021C","AIM17",0,2.05918219921169,FALSE,"puf2"
"YHR046C","INM1",0,0.0525550094341053,TRUE,"puf2"
"YHR104W","GRE3",0,1.08494866514303,FALSE,"puf2"
"YHR146W","CRP1",0,-0.241696822868099,TRUE,"puf2"
"YIL136W","OM45",0,2.20125745684324,FALSE,"puf2"
"YIL155C","GUT2",0,1.21902908547869,FALSE,"puf2"
"YIR038C","GTT1",0,1.033158666781,FALSE,"puf2"
"YJL024C","APS3",0,-0.523379827304736,TRUE,"puf2"
"YJL052W","TDH1",-0.0933556453582868,1.22663183180789,FALSE,"puf2"
"YJR104C","SOD1",0,0.499782120147312,TRUE,"puf2"
"YKL029C","MAE1",0,0.332163687954531,TRUE,"puf2"
"YKL067W","YNK1",0,0.504772915975054,TRUE,"puf2"
"YKL103C","APE1",0,1.18903382439002,FALSE,"puf2"
"YKL150W","MCR1",0,1.53645083019471,FALSE,"puf2"
"YLL041C","SDH2",0,1.14326279303862,FALSE,"puf2"
"YLR022C","SDO1",0,-0.293659535470278,TRUE,"puf2"
"YLR086W","SMC4",0,1.36737106564853,FALSE,"puf2"
"YLR286C","CTS1",0,0.0413831790194062,TRUE,"puf2"
"YLR399C","BDF1",0,0.0729975597999501,TRUE,"puf2"
"YML035C","AMD1",0,1.14404636961671,FALSE,"puf2"
"YML100W","TSL1",0,1.95921373878461,FALSE,"puf2"
"YML128C","MSC1",0,2.93854927376605,FALSE,"puf2"
"YMR105C","PGM2",0,2.24363861833442,FALSE,"puf2"
"YMR169C","ALD3",0,2.24061962931176,FALSE,"puf2"
"YMR183C","SSO2",0,0.0297002342154199,TRUE,"puf2"
"YMR209C","YMR209C",0,-0.181247584962687,TRUE,"puf2"
"YMR246W","FAA4",0,-0.435221883518635,TRUE,"puf2"
"YNL015W","PBI2",0,1.39473363001981,FALSE,"puf2"
"YNL231C","PDR16",0,0.0686020273786715,TRUE,"puf2"
"YNL244C","SUI1",0,-0.223609607473256,TRUE,"puf2"
"YNL274C","GOR1",0,1.15555496084056,FALSE,"puf2"
"YNL307C","MCK1",0,0.0977456216385189,TRUE,"puf2"
"YNR017W","TIM23",0,-0.0117043253411153,TRUE,"puf2"
"YOL016C","CMK2",0,0.285106251061254,TRUE,"puf2"
"YOL070C","NBA1",0,0.111031312388744,TRUE,"puf2"
"YOL109W","ZEO1",0,0.137503523749935,TRUE,"puf2"
"YOR215C","AIM41",0,1.19610339771481,FALSE,"puf2"
"YOR285W","RDL1",0,1.00115369461637,FALSE,"puf2"
"YOR327C","SNC2",0,0.152637739651112,TRUE,"puf2"
"YPL004C","LSP1",0,1.12287146908839,TRUE,"puf2"
"YPL037C","EGD1",0,0.0772429989324604,TRUE,"puf2"
"YPL198W","RPL7B",0,-0.322938335041304,TRUE,"puf2"
"YPL204W","HRR25",0,0.0679140140884663,TRUE,"puf2"
"YPR019W","MCM4",0,0.0194884295913602,TRUE,"puf2"
"YPR035W","GLN1",0,0.156914314653239,TRUE,"puf2"
"YPR127W","YPR127W",0,1.01392670604292,FALSE,"puf2"
"YPR160W","GPH1",0,2.81313471901813,FALSE,"puf2"
"YBL059C-A","CMC2",0,1.320715721785,FALSE,"puf3_1"
"YBL090W","MRP21",0,0.731965213669275,TRUE,"puf3_1"
"YBL098W","BNA4",0,1.2671162618804,FALSE,"puf3_1"
"YBR056W","YBR056W",0,1.08983709011962,FALSE,"puf3_1"
"YBR120C","CBP6",0,1.26573692621362,TRUE,"puf3_1"
"YBR122C","MRPL36",0,0.937419726738949,TRUE,"puf3_1"
"YBR126C","TPS1",0,1.17951105027151,FALSE,"puf3_1"
"YBR146W","MRPS9",0,1.39676231316693,TRUE,"puf3_1"
"YBR169C","SSE2",0,1.16137176621534,FALSE,"puf3_1"
"YCL040W","GLK1",0,1.55802267352524,FALSE,"puf3_1"
"YCR071C","IMG2",0,0.711671102918124,TRUE,"puf3_1"
"YDL021W","GPM2",0,1.6422394657944,FALSE,"puf3_1"
"YDL124W","YDL124W",0,1.06011657601742,FALSE,"puf3_1"
"YDL131W","LYS21",0,-0.145573404568092,TRUE,"puf3_1"
"YDL182W","LYS20",0,-0.265535320062069,TRUE,"puf3_1"
"YDL202W","MRPL11",0,0.774839759827326,TRUE,"puf3_1"
"YDL205C","HEM3",0,0.131589484328135,TRUE,"puf3_1"
"YDR001C;YBR001C","NTH1;NTH2",0,1.23860345449236,FALSE,"puf3_1"
"YDR036C","EHD3",0,0.81434533496322,TRUE,"puf3_1"
"YDR041W","RSM10",0,0.981779603590194,TRUE,"puf3_1"
"YDR074W","TPS2",0,1.30100225603281,FALSE,"puf3_1"
"YDR079W","PET100",0,1.1700532353023,TRUE,"puf3_1"
"YDR116C","MRPL1",0,-0.2017420673555,TRUE,"puf3_1"
"YDR171W","HSP42",0,1.22940334440393,FALSE,"puf3_1"
"YDR194C","MSS116",0,0.521854802710206,TRUE,"puf3_1"
"YDR237W","MRPL7",0,1.15574923267794,TRUE,"puf3_1"
"YDR337W","MRPS28",0,0.615227943578826,TRUE,"puf3_1"
"YDR347W","MRP1",0,0.936816939853535,TRUE,"puf3_1"
"YDR391C","YDR391C",0,1.17919253938802,FALSE,"puf3_1"
"YDR430C","CYM1",0,0.78425269340458,TRUE,"puf3_1"
"YDR533C","HSP31",0,1.33090254070135,FALSE,"puf3_1"
"YEL020W-A","TIM9",0,0.68920968830163,TRUE,"puf3_1"
"YEL024W","RIP1",0,1.04243422088883,FALSE,"puf3_1"
"YER062C","GPP2",0,1.31655126221436,FALSE,"puf3_1"
"YER082C","UTP7",0,-1.20559661106637,FALSE,"puf3_1"
"YFL014W","HSP12",0,2.5542695817055,FALSE,"puf3_1"
"YFR053C","HXK1",0,1.92109351670671,FALSE,"puf3_1"
"YGL037C","PNC1",0,1.41061246642075,FALSE,"puf3_1"
"YGL068W","MNP1",0,1.01035018816957,TRUE,"puf3_1"
"YGL129C","RSM23",0,0.73768676140986,TRUE,"puf3_1"
"YGR019W","UGA1",0,1.06963343249914,FALSE,"puf3_1"
"YGR084C","MRP13",0,0.564817129854747,TRUE,"puf3_1"
"YHL021C","AIM17",0,1.57840741375362,FALSE,"puf3_1"
"YHR005C-A","TIM10",0,0.756937877411255,TRUE,"puf3_1"
"YHR011W","DIA4",0,0.131721171155929,TRUE,"puf3_1"
"YHR024C","MAS2",0,0.48078212440398,TRUE,"puf3_1"
"YHR038W","RRF1",0,0.974015283756472,TRUE,"puf3_1"
"YHR198C","AIM18",0,1.0224743465749,FALSE,"puf3_1"
"YIL022W","TIM44",0,0.766383141001298,TRUE,"puf3_1"
"YIL070C","MAM33",0,1.25749344787616,TRUE,"puf3_1"
"YIL098C","FMC1",0,0.892663023578705,TRUE,"puf3_1"
"YIL136W","OM45",0,1.94039230080495,FALSE,"puf3_1"
"YJL052W","TDH1",0,1.09356017616234,FALSE,"puf3_1"
"YJL063C","MRPL8",0,0.657822902652401,TRUE,"puf3_1"
"YJL066C","MPM1",0,1.14619901335248,FALSE,"puf3_1"
"YJL096W","MRPL49",0,0.765959006045755,TRUE,"puf3_1"
"YJL104W","PAM16",0,0.671927384814737,TRUE,"puf3_1"
"YJL180C","ATP12",0,1.29054236266025,FALSE,"puf3_1"
"YJR025C","BNA1",0,1.17306345445491,FALSE,"puf3_1"
"YJR045C","SSC1",0,0.94253327198194,TRUE,"puf3_1"
"YJR113C","RSM7",0,-1.04954651679432,FALSE,"puf3_1"
"YKL067W","YNK1",0,1.10326262660608,FALSE,"puf3_1"
"YKL087C","CYT2",0,1.12835939652873,TRUE,"puf3_1"
"YKL103C","APE1",0,1.14906421771554,FALSE,"puf3_1"
"YKL150W","MCR1",0,1.53381249682767,FALSE,"puf3_1"
"YKL151C","YKL151C",0,1.50670348680066,FALSE,"puf3_1"
"YKR006C","MRPL13",0,0.864334740782428,TRUE,"puf3_1"
"YLR008C","PAM18",0,0.537942090749452,TRUE,"puf3_1"
"YLR026C","SED5",0,-0.072892409918488,TRUE,"puf3_1"
"YLR086W","SMC4",0,1.24421729838856,FALSE,"puf3_1"
"YLR203C","MSS51",0,0.128425389028837,TRUE,"puf3_1"
"YLR258W","GSY2",0,1.10628130935437,FALSE,"puf3_1"
"YLR259C","HSP60",0,0.839959587489532,TRUE,"puf3_1"
"YLR312W-A","MRPL15",0,1.00324241748868,FALSE,"puf3_1"
"YML025C","YML6",0,0.288181352329059,TRUE,"puf3_1"
"YML100W","TSL1",0,1.65942226700324,FALSE,"puf3_1"
"YML120C","NDI1",0,1.044184257544,FALSE,"puf3_1"
"YML128C","MSC1",0,2.39832300485424,FALSE,"puf3_1"
"YMR090W","YMR090W",0,2.37133582005118,FALSE,"puf3_1"
"YMR105C","PGM2",0,2.19799116573513,FALSE,"puf3_1"
"YMR169C","ALD3",0,1.97280291947501,FALSE,"puf3_1"
"YMR225C","MRPL44",0,0.891030267840923,TRUE,"puf3_1"
"YNL015W","PBI2",0,1.07601173856964,FALSE,"puf3_1"
"YNL098C","RAS2",0,0.399991350664181,TRUE,"puf3_1"
"YNL131W","TOM22",0,0.674189442791552,TRUE,"puf3_1"
"YNL177C","MRPL22",0,0.0717626693000913,TRUE,"puf3_1"
"YNL185C","MRPL19",0,0.868212636477131,TRUE,"puf3_1"
"YNL252C","MRPL17",0,0.470094292647779,TRUE,"puf3_1"
"YNL274C","GOR1",0,1.11069731654493,FALSE,"puf3_1"
"YNL284C","MRPL10",0,0.68741907737189,TRUE,"puf3_1"
"YNL306W","MRPS18",0,0.766213501981655,TRUE,"puf3_1"
"YNR017W","TIM23",0,0.387362540835996,TRUE,"puf3_1"
"YNR022C","MRPL50",0,0.761200156099086,TRUE,"puf3_1"
"YNR037C","RSM19",0,1.22644687485703,TRUE,"puf3_1"
"YOR020C","HSP10",0,0.886745224742109,TRUE,"puf3_1"
"YOR150W","MRPL23",0,0.100977647724821,TRUE,"puf3_1"
"YOR158W","PET123",0,1.06308871201928,TRUE,"puf3_1"
"YOR187W","TUF1",0,0.906505825626003,TRUE,"puf3_1"
"YOR286W","RDL2",0,0.648741530491728,TRUE,"puf3_1"
"YPL059W","GRX5",0,0.478298821705112,TRUE,"puf3_1"
"YPL173W","MRPL40",0,0.793271654498083,TRUE,"puf3_1"
"YPR160W","GPH1",0,2.82639594759272,FALSE,"puf3_1"
"YBL030C","PET9",0.611927767215337,1.08841300972673,FALSE,"puf3_2"
"YBL059C-A","CMC2",0,1.64048211169989,FALSE,"puf3_2"
"YBL090W","MRP21",0,1.14971460770081,TRUE,"puf3_2"
"YBR120C","CBP6",0,0.754545489469189,TRUE,"puf3_2"
"YBR282W","MRPL27",0,0.828875259594331,TRUE,"puf3_2"
"YDL131W","LYS21",0,-0.051025445720229,TRUE,"puf3_2"
"YDL182W","LYS20",0,-0.176364755677009,TRUE,"puf3_2"
"YDL202W","MRPL11",0,1.17804531761278,TRUE,"puf3_2"
"YDL205C","HEM3",0,0.171975376690099,TRUE,"puf3_2"
"YDR041W","RSM10",0,1.20532994896873,TRUE,"puf3_2"
"YDR194C","MSS116",0,0.994217647405994,TRUE,"puf3_2"
"YDR237W","MRPL7",0,1.39204259754869,TRUE,"puf3_2"
"YDR347W","MRP1",0,1.09936253975777,TRUE,"puf3_2"
"YDR405W","MRP20",0,0.786010801607569,TRUE,"puf3_2"
"YDR430C","CYM1",0,1.31156124060842,TRUE,"puf3_2"
"YEL024W","RIP1",0,1.24379092506481,FALSE,"puf3_2"
"YFL014W","HSP12",0,1.31417445108964,FALSE,"puf3_2"
"YFR033C","QCR6",0,1.04844545892269,FALSE,"puf3_2"
"YGL068W","MNP1",0,1.21555435487164,TRUE,"puf3_2"
"YGL129C","RSM23",0,0.963917961862063,TRUE,"puf3_2"
"YGR165W","MRPS35",0,1.39022743684069,TRUE,"puf3_2"
"YGR215W","RSM27",0,1.32048467801769,FALSE,"puf3_2"
"YHR024C","MAS2",0,0.89429393355018,TRUE,"puf3_2"
"YHR038W","RRF1",0,1.3554673883761,TRUE,"puf3_2"
"YIL022W","TIM44",0,0.864968579022461,TRUE,"puf3_2"
"YIL093C","RSM25",0,1.03977009283301,TRUE,"puf3_2"
"YIL098C","FMC1",0,1.37055489942539,TRUE,"puf3_2"
"YIL136W","OM45",0,1.27441076931784,FALSE,"puf3_2"
"YJL052W","TDH1",1.50329784555601,1.06025495075768,FALSE,"puf3_2"
"YJL062W-A","COA3",0,1.26309451687486,FALSE,"puf3_2"
"YJL063C","MRPL8",0,0.835034744435534,TRUE,"puf3_2"
"YJL096W","MRPL49",0,1.03745250993961,TRUE,"puf3_2"
"YJL166W","QCR8",0,1.1467855409887,FALSE,"puf3_2"
"YJR045C","SSC1",1.07402582838608,1.08127144554588,TRUE,"puf3_2"
"YJR048W","CYC1",0,2.32742869048213,FALSE,"puf3_2"
"YJR077C","MIR1",0,1.12134701687844,FALSE,"puf3_2"
"YJR101W","RSM26",0,1.31713037872859,FALSE,"puf3_2"
"YJR113C","RSM7",0,1.31074727546341,FALSE,"puf3_2"
"YKL137W","CMC1",0,1.89444916219686,TRUE,"puf3_2"
"YKL138C","MRPL31",0,1.5491762786681,TRUE,"puf3_2"
"YKL150W","MCR1",1.10165007609443,1.04558276001964,FALSE,"puf3_2"
"YKL170W","MRPL38",0,0.961549247050394,TRUE,"puf3_2"
"YKL195W","MIA40",0,1.04082231010734,FALSE,"puf3_2"
"YKL216W","URA1",1.45328051263043,1.77420723002214,FALSE,"puf3_2"
"YLL041C","SDH2",0,1.1695402314598,FALSE,"puf3_2"
"YLR026C","SED5",0,0.214497867900517,TRUE,"puf3_2"
"YLR069C","MEF1",0,1.91364580448122,TRUE,"puf3_2"
"YLR163C","MAS1",0,1.05241589415114,FALSE,"puf3_2"
"YLR203C","MSS51",0,0.845991770664573,TRUE,"puf3_2"
"YLR259C","HSP60",0.960734102284646,0.940279530051691,TRUE,"puf3_2"
"YLR420W","URA4",0,1.13625702151114,FALSE,"puf3_2"
"YML120C","NDI1",0,1.1647219281337,FALSE,"puf3_2"
"YML128C","MSC1",0,1.3415303869973,FALSE,"puf3_2"
"YMR024W","MRPL3",0,1.18681745935711,FALSE,"puf3_2"
"YMR158W","MRPS8",0,0.844466001366096,TRUE,"puf3_2"
"YMR188C","MRPS17",0,1.26345513053468,TRUE,"puf3_2"
"YNL005C","MRP7",0,1.25344475026249,TRUE,"puf3_2"
"YNL098C","RAS2",0,0.145481822265525,TRUE,"puf3_2"
"YNL131W","TOM22",0,0.663572335417523,TRUE,"puf3_2"
"YNL185C","MRPL19",0,1.40577457794988,TRUE,"puf3_2"
"YNL284C","MRPL10",0,1.04865470184035,TRUE,"puf3_2"
"YNL306W","MRPS18",0,1.26531686651029,TRUE,"puf3_2"
"YNL315C","ATP11",0,1.17638660729196,TRUE,"puf3_2"
"YNR017W","TIM23",0,0.718350665450634,TRUE,"puf3_2"
"YNR036C","MRPS12",0,1.09531684153477,TRUE,"puf3_2"
"YOL077W-A","ATP19",0,1.23927582588256,FALSE,"puf3_2"
"YOL143C","RIB4",0,1.80103445892236,FALSE,"puf3_2"
"YOR020C","HSP10",0,1.02083996709015,TRUE,"puf3_2"
"YOR120W","GCY1",-0.151650477752995,1.05248545346944,FALSE,"puf3_2"
"YOR150W","MRPL23",0,0.0648828515848544,TRUE,"puf3_2"
"YOR173W","DCS2",0,1.53625187893729,FALSE,"puf3_2"
"YOR187W","TUF1",0,1.19415010559158,TRUE,"puf3_2"
"YOR286W","RDL2",0.798755613914619,0.810072870873325,TRUE,"puf3_2"
"YOR354C","MSC6",0,1.21200896011356,FALSE,"puf3_2"
"YPR160W","GPH1",0,1.27172446351057,FALSE,"puf3_2"
"YPR166C","MRP2",0,1.49513229945391,FALSE,"puf3_2"
"YPR191W","QCR2",0.406210108531565,1.09639680418716,FALSE,"puf3_2"
"YBL090W","MRP21",0.475811237140141,0.29325275642788,TRUE,"puf3_3"
"YBR120C","CBP6",0.714311467931997,0.334568275666133,TRUE,"puf3_3"
"YBR151W","APD1",0.920674411041618,2.17488574575302,FALSE,"puf3_3"
"YBR282W","MRPL27",0.4240621254159,0.506297265471522,TRUE,"puf3_3"
"YDL182W","LYS20",0.401412025363809,0.102322191196686,TRUE,"puf3_3"
"YDL202W","MRPL11",0.432424976804764,0.441483479582645,TRUE,"puf3_3"
"YDL205C","HEM3",0.422663591655022,0.398240905264468,TRUE,"puf3_3"
"YDR194C","MSS116",0.00676478187842236,-0.407803717917068,TRUE,"puf3_3"
"YDR347W","MRP1",0,0.264956717964822,TRUE,"puf3_3"
"YDR533C","HSP31",1.14385051536735,1.07059541246298,FALSE,"puf3_3"
"YGL062W","PYC1",-0.61710038555888,-1.23009288223065,FALSE,"puf3_3"
"YGL173C","XRN1",0,1.07176266930009,FALSE,"puf3_3"
"YGR165W","MRPS35",0,0.530869797931409,TRUE,"puf3_3"
"YGR279C","SCW4",0.490056624464311,1.03689011054027,FALSE,"puf3_3"
"YHR024C","MAS2",0.133432006980735,0.12234140752612,TRUE,"puf3_3"
"YHR038W","RRF1",0.615887073916057,0.354790649231071,TRUE,"puf3_3"
"YIL016W","SNL1",0,1.00683657739666,FALSE,"puf3_3"
"YIL022W","TIM44",0.184851545680415,-0.0477857311757808,TRUE,"puf3_3"
"YIL093C","RSM25",0.326192164494116,0.438079891944708,TRUE,"puf3_3"
"YIL155C","GUT2",0,1.28267702209754,FALSE,"puf3_3"
"YJL096W","MRPL49",0.468322643947868,0.114367024952,TRUE,"puf3_3"
"YJL104W","PAM16",0.203263812721081,0.122871469088393,TRUE,"puf3_3"
"YJL130C","URA2",-1.13343221761423,-1.32124297744545,FALSE,"puf3_3"
"YJL153C","INO1",0.52386300882635,1.37150310520444,FALSE,"puf3_3"
"YJR045C","SSC1",0.292781749227846,0.117695042669755,TRUE,"puf3_3"
"YKL007W","CAP1",0.506195692264814,1.6989740835745,FALSE,"puf3_3"
"YKL167C","MRP49",0,0.653702091393461,TRUE,"puf3_3"
"YLR055C","SPT8",0,1.34329410786244,FALSE,"puf3_3"
"YLR259C","HSP60",0.247806018219219,0.0993625397577723,TRUE,"puf3_3"
"YML074C","FPR3",0,1.26459647949088,FALSE,"puf3_3"
"YMR090W","YMR090W",0.793854275747309,1.16124275834251,FALSE,"puf3_3"
"YMR105C","PGM2",1.81089548182097,1.06191441324505,FALSE,"puf3_3"
"YNL036W","NCE103",-1.44292816729535,-1.77186473172264,FALSE,"puf3_3"
"YNL062C","GCD10",0,-1.23032980297783,FALSE,"puf3_3"
"YNL177C","MRPL22",0.418027989926524,0.468009774092832,TRUE,"puf3_3"
"YNL185C","MRPL19",1.53595340059943,0.973941836128054,TRUE,"puf3_3"
"YNL274C","GOR1",1.1623389577246,2.54423807415168,FALSE,"puf3_3"
"YNR017W","TIM23",0,0.257010618206024,TRUE,"puf3_3"
"YNR037C","RSM19",0,0.101381142355025,TRUE,"puf3_3"
"YOR020C","HSP10",0.142609487298665,0.0897693086335084,TRUE,"puf3_3"
"YOR173W","DCS2",0,1.38973199639442,FALSE,"puf3_3"
"YOR187W","TUF1",0.175173265663797,-0.254995066996732,TRUE,"puf3_3"
"YOR286W","RDL2",0.274649310165089,0.179383654356298,TRUE,"puf3_3"
"","",0,0,FALSE,"rad18"
"YHL001W","RPL14B",-0.0447318396918362,-0.0400815033107516,TRUE,"ssd1"
"YHR137W","ARO9",-0.368849142274855,-1.16873887249987,FALSE,"ssd1"
"YKL216W","URA1",1.04446406651325,1.13099674480835,FALSE,"ssd1"
"YLR304C","ACO1",1.70893763962644,1.27982783944088,FALSE,"ssd1"
"YLR449W","FPR4",0,1.7288783037926,FALSE,"ssd1"
"YMR260C","TIF11",0.161952158926742,1.87817601242178,FALSE,"ssd1"
"YDR025W;YBR048W","RPS11A;RPS11B",0,1.67265162932838,FALSE,"ssz1"
"YBR052C","RFS1",0,-1.21316948052643,FALSE,"ssz1"
"YBR056W","YBR056W",0,-1.29853078695958,FALSE,"ssz1"
"YBR120C","CBP6",0,-1.20419981077935,FALSE,"ssz1"
"YBR126C","TPS1",0,-2.23121013511956,FALSE,"ssz1"
"YBR169C","SSE2",0,-1.59505329256036,FALSE,"ssz1"
"YBR208C","DUR1,2",0,-1.43998944826116,FALSE,"ssz1"
"YCL030C","HIS4",0,1.09295160099135,FALSE,"ssz1"
"YCL040W","GLK1",0,-2.37093719500909,FALSE,"ssz1"
"YDL022W","GPD1",-0.556011509195949,-1.11122753225756,FALSE,"ssz1"
"YDL060W","TSR1",0,1.24835266617305,FALSE,"ssz1"
"YDL124W","YDL124W",0,-1.64345048884349,FALSE,"ssz1"
"YDL168W","SFA1",0,1.25906152925887,FALSE,"ssz1"
"YDR032C","PST2",0,-1.52807381914005,FALSE,"ssz1"
"YDR074W","TPS2",0,-2.18935125221735,FALSE,"ssz1"
"YDR171W","HSP42",0,-1.70627639009507,FALSE,"ssz1"
"YDR172W","SUP35",0,1.11323374782443,FALSE,"ssz1"
"YDR214W","AHA1",0,1.37116851549843,FALSE,"ssz1"
"YDR372C","VPS74",0,-1.05265551684235,FALSE,"ssz1"
"YEL024W","RIP1",0,-1.18829881426186,FALSE,"ssz1"
"YEL071W","DLD3",0,1.04243422088883,FALSE,"ssz1"
"YER025W","GCD11",0,1.53838916849661,FALSE,"ssz1"
"YER037W","PHM8",0,-3.29180393343223,FALSE,"ssz1"
"YER062C","GPP2",0,-1.46191880354872,FALSE,"ssz1"
"YER069W","ARG5,6",0,1.17900139909924,FALSE,"ssz1"
"YER072W","VTC1",0,1.25676914276134,FALSE,"ssz1"
"YER122C","GLO3",0,1.03625714904777,FALSE,"ssz1"
"YER174C","GRX4",0,1.11270013274936,FALSE,"ssz1"
"YFR053C","HXK1",0,-2.41626912461531,FALSE,"ssz1"
"YGL008C;YPL036W","PMA1;PMA2",0,1.1394694950388,FALSE,"ssz1"
"YGL009C","LEU1",0,2.0688083674006,FALSE,"ssz1"
"YGL027C","CWH41",0,-1.11941633867726,FALSE,"ssz1"
"YGL037C","PNC1",0,-1.87265726935465,FALSE,"ssz1"
"YGL092W","NUP145",0,1.14580786241265,FALSE,"ssz1"
"YGR054W","YGR054W",0,1.15231323953933,FALSE,"ssz1"
"YGR086C","PIL1",0,-1.09859822641166,FALSE,"ssz1"
"YGR244C","LSC2",0,-1.0497257001816,FALSE,"ssz1"
"YGR254W","ENO1",0.652234072909237,-1.08886834996457,FALSE,"ssz1"
"YHL021C","AIM17",0,-1.79235698731347,FALSE,"ssz1"
"YHR008C","SOD2",0,-1.01164614863522,FALSE,"ssz1"
"YHR064C","SSZ1",0,-1.34150057834032,FALSE,"ssz1"
"YHR066W","SSF1",0,1.06295060882281,FALSE,"ssz1"
"YHR104W","GRE3",0,-1.46498223160493,FALSE,"ssz1"
"YNL162W;YHR141C","RPL42A;RPL42B",0,1.48021341162807,FALSE,"ssz1"
"YHR170W","NMD3",0,1.10379974315767,FALSE,"ssz1"
"YIL103W","DPH1",0,1.03421571533791,FALSE,"ssz1"
"YIR035C","YIR035C",0,1.10070858859668,FALSE,"ssz1"
"YIR037W","HYR1",0,-1.07460815990754,FALSE,"ssz1"
"YJL033W","HCA4",0,1.50151557730855,FALSE,"ssz1"
"YJL039C","NUP192",0,-1.33989283352942,FALSE,"ssz1"
"YJL066C","MPM1",0,-1.20144343799191,FALSE,"ssz1"
"YJL130C","URA2",0,-1.25256963166354,FALSE,"ssz1"
"YJR104C","SOD1",0,-1.08094219086262,FALSE,"ssz1"
"YKL035W","UGP1",0,-1.45937751858763,FALSE,"ssz1"
"YKL082C","RRP14",0,1.04166353172936,FALSE,"ssz1"
"YKL085W","MDH1",0,-1.1455414875954,FALSE,"ssz1"
"YKL103C","APE1",0,-1.62237646236427,FALSE,"ssz1"
"YKL110C","KTI12",0,1.26621684473137,FALSE,"ssz1"
"YKL150W","MCR1",-1.40992979318801,-1.55991952747827,FALSE,"ssz1"
"YKL151C","YKL151C",0,-1.58818330319331,FALSE,"ssz1"
"YLL026W","HSP104",0,-1.44147765110645,FALSE,"ssz1"
"YLR002C","NOC3",0,1.02147972741045,FALSE,"ssz1"
"YLR009W","RLP24",0,1.04040151528421,FALSE,"ssz1"
"YLR056W","ERG3",0,1.97030149701759,FALSE,"ssz1"
"YLR178C","TFS1",0,-3.18744427337657,FALSE,"ssz1"
"YLR201C","COQ9",0,-1.1679930841832,FALSE,"ssz1"
"YLR258W","GSY2",0,-1.254289378012,FALSE,"ssz1"
"YLR276C","DBP9",0,1.4365349937602,FALSE,"ssz1"
"YLR303W","MET17",0,2.26579692475975,FALSE,"ssz1"
"YML070W","DAK1",0,-1.05217677283899,FALSE,"ssz1"
"YML100W","TSL1",0,-3.06467604164757,FALSE,"ssz1"
"YML117W","NAB6",0,1.50289066402827,FALSE,"ssz1"
"YML128C","MSC1",0,-3.63669657675324,FALSE,"ssz1"
"YMR105C","PGM2",0,-2.73379515128608,FALSE,"ssz1"
"YMR169C","ALD3",0,-2.1871157385356,FALSE,"ssz1"
"YMR290C","HAS1",0,1.58909230993594,FALSE,"ssz1"
"YMR300C","ADE4",0,1.24202317767196,FALSE,"ssz1"
"YMR315W","YMR315W",0,-1.22222892516309,FALSE,"ssz1"
"YNL036W","NCE103",0,1.33067312270916,FALSE,"ssz1"
"YNL132W","KRE33",0,1.11596543158681,FALSE,"ssz1"
"YNL274C","GOR1",0,-1.54405604637531,FALSE,"ssz1"
"YOL120C;YNL301C","RPL18A;RPL18B",0,1.12300395405482,FALSE,"ssz1"
"YNR033W","ABZ1",0,1.05949372539167,FALSE,"ssz1"
"YNR053C","NOG2",0,1.005687420137,FALSE,"ssz1"
"YOL058W","ARG1",0,1.12399720369191,FALSE,"ssz1"
"YOR120W","GCY1",0,-1.79911904571404,FALSE,"ssz1"
"YOR206W","NOC2",0,1.07073278582443,FALSE,"ssz1"
"YOR207C","RET1",0,1.31417445108964,FALSE,"ssz1"
"YOR215C","AIM41",0,-1.2513670278087,FALSE,"ssz1"
"YOR260W","GCD1",0,1.00180224263399,FALSE,"ssz1"
"YOR285W","RDL1",0,-1.12032559699429,FALSE,"ssz1"
"YOR303W","CPA1",0,1.24470442793893,FALSE,"ssz1"
"YOR356W","CIR2",0,-1.07002725687415,FALSE,"ssz1"
"YOR374W","ALD4",0,-1.37703217696801,FALSE,"ssz1"
"YPL004C","LSP1",-1.15534118081691,-1.80485401507166,FALSE,"ssz1"
"YPL012W","RRP12",0,1.49282738792251,FALSE,"ssz1"
"YPL019C","VTC3",0,1.12934896721084,FALSE,"ssz1"
"YPL093W","NOG1",0,1.49415956371284,FALSE,"ssz1"
"YPL106C","SSE1",0,0.517023672064581,TRUE,"ssz1"
"YPL154C","PEP4",0,-1.1247546586996,FALSE,"ssz1"
"YPL231W","FAS2",0,-0.11373861567123,TRUE,"ssz1"
"YPR088C","SRP54",0,1.17146305600258,FALSE,"ssz1"
"YPR127W","YPR127W",0,-1.51066259111062,FALSE,"ssz1"
"YPR144C","NOC4",0,1.0995645271632,FALSE,"ssz1"
"YPR160W","GPH1",0,-1.82097311406571,FALSE,"ssz1"
"YAL060W","BDH1",0,1.04684025420297,FALSE,"tma20"
"YDL226C","GCS1",0,-0.0291757887158934,TRUE,"tma20"
"YDR064W","RPS13",0.132116159533725,-0.0187318478996134,TRUE,"tma20"
"YDR091C","RLI1",0.610511091666109,1.22539833734074,FALSE,"tma20"
"YER037W","PHM8",0,-1.57295170564115,FALSE,"tma20"
"YER091C","MET6",-0.568494706960482,-0.223896011926836,TRUE,"tma20"
"YER177W","BMH1",-0.0885001511388919,0.0227583975781576,TRUE,"tma20"
"YPL220W;YGL135W","RPL1A;RPL1B",-0.103999469256539,-0.183441250612556,TRUE,"tma20"
"YPR102C;YGR085C","RPL11A;RPL11B",-0.00246912021988596,-0.0868137745110052,TRUE,"tma20"
"YJL121C","RPE1",0,-0.0167455092760762,TRUE,"tma20"
"YJL130C","URA2",-1.38127269659998,-1.16275103296061,FALSE,"tma20"
"YPL106C","SSE1",0.0143552929770701,-0.261552077118245,TRUE,"tma20"
"YDL226C","GCS1",0,-0.0384507529496062,TRUE,"tma22"
"YDR064W","RPS13",0.235359447390946,-0.0820871082359835,TRUE,"tma22"
"YDR091C","RLI1",0,1.20495450785604,FALSE,"tma22"
"YER091C","MET6",-2.1379017625407,-0.503302461466178,TRUE,"tma22"
"YER112W","LSM4",0,-2.0441813375322,FALSE,"tma22"
"YER177W","BMH1",0,-0.00843552560828975,TRUE,"tma22"
"YPL220W;YGL135W","RPL1A;RPL1B",0.207643012686533,-0.119808190097989,TRUE,"tma22"
"YGR060W","ERG25",0,1.06667476272446,FALSE,"tma22"
"YPR102C;YGR085C","RPL11A;RPL11B",0.0318186258263571,-0.0270280231697922,TRUE,"tma22"
"YGR162W","TIF4631",0,1.27994666779454,FALSE,"tma22"
"YJL052W","TDH1",-2.62273184973912,-1.27763890262019,FALSE,"tma22"
"YJL130C","URA2",-1.65113307049125,-1.12277403564091,FALSE,"tma22"
"YJR045C","SSC1",-0.198543314310181,-0.0335695326937018,TRUE,"tma22"
"YNR051C","BRE5",0,-1.01336334841859,FALSE,"tma22"
"YOL058W","ARG1",0,-1.05913415826671,FALSE,"tma22"
"YPL106C","SSE1",0.0962618530584035,-0.124204212820571,TRUE,"tma22"
"YPL231W","FAS2",0,0.0750533646045073,TRUE,"tma22"
"YAL023C","PMT2",0,0.102590949588091,TRUE,"tma64"
"YAR002C-A","ERP1",0,-0.119870896203287,TRUE,"tma64"
"YER072W","VTC1",0,1.11549941255753,FALSE,"tma64"
"YER112W","LSM4",0,-2.06340917017606,FALSE,"tma64"
"YPL220W;YGL135W","RPL1A;RPL1B",0.0743684217815534,-0.0646006014847809,TRUE,"tma64"
"YGL245W","GUS1",0,0.108758614360937,TRUE,"tma64"
"YPR102C;YGR085C","RPL11A;RPL11B",0.229341813043554,0.015354834293464,TRUE,"tma64"
"YJL052W","TDH1",-2.67548890927303,-1.69012533996323,FALSE,"tma64"
"YJL130C","URA2",-2.0374731867931,-1.06766664772173,FALSE,"tma64"
"YKL006W","RPL14A",0,-1.04198142709283,FALSE,"tma64"
"YKL029C","MAE1",0,-0.406311591269931,TRUE,"tma64"
"YLR056W","ERG3",0,1.25344475026249,FALSE,"tma64"
"YLR075W","RPL10",-0.0995717413777864,-0.0359784956085444,TRUE,"tma64"
"YLR249W","YEF3",0.510860673967615,-0.0438987288433198,TRUE,"tma64"
"YML128C","MSC1",0,-1.22330641765841,FALSE,"tma64"
"YMR108W","ILV2",-0.595729012640512,-0.27741157023347,TRUE,"tma64"
"YNL036W","NCE103",-0.664265226230898,1.38670060228761,FALSE,"tma64"
"YNL112W","DBP2",-0.564435408626318,-0.357621886851601,TRUE,"tma64"
"YNL135C","FPR1",0,-1.02764554599973,FALSE,"tma64"
"YPL019C","VTC3",0,1.43049938622259,FALSE,"tma64"
"YPL106C","SSE1",-0.100685134894047,0.155490197747562,TRUE,"tma64"
"YPL231W","FAS2",0,0.19206788447965,TRUE,"tma64"
"YBL022C","PIM1",0,1.42255595595975,FALSE,"trm1"
"YPL220W;YGL135W","RPL1A;RPL1B",0.658462861174109,-0.0290285794424895,TRUE,"trm1"
"YGL210W","YPT32",0,1.04593217391872,FALSE,"trm1"
"YLR249W","YEF3",0.0399805976908813,0.103128316217225,TRUE,"trm1"
"YNR035C","ARC35",0,1.11902410314227,FALSE,"trm1"
"YPL106C","SSE1",0,0.118625513544246,TRUE,"trm1"
"YPL231W","FAS2",0,0.00762609237617795,TRUE,"trm1"
"YPR160W","GPH1",0,1.3790663992809,FALSE,"trm1"
"YDR019C","GCV1",0,1.33987850028299,FALSE,"upf3"
"YDR221W","GTB1",0,1.17101462611126,FALSE,"upf3"
"YER139C","RTR1",0,1.92706206555394,FALSE,"upf3"
"YJL044C","GYP6",0,1.06046248798611,FALSE,"upf3"
"YJR048W","CYC1",0,1.26243315763135,FALSE,"upf3"
"YKL216W","URA1",1.61889641216309,2.58587591836199,FALSE,"upf3"
"YLR420W","URA4",0,1.9095043135606,FALSE,"upf3"
"YNL112W","DBP2",-0.256665999523818,0.0454429707611671,TRUE,"upf3"
"YOL126C","MDH2",0,1.30211429510598,FALSE,"upf3"
"YOR303W","CPA1",1.35044066969865,1.94151952378205,FALSE,"upf3"
"YPL231W","FAS2",0.0203421795171858,0.00518437585972326,TRUE,"upf3"
"YAR002C-A","ERP1",0,0.048096653272944,TRUE,"YBL028C"
"YJL130C","URA2",0,-1.01952130032964,FALSE,"YBL028C"
"YJL153C","INO1",0,-1.00917580469352,FALSE,"YBL028C"
"YNL036W","NCE103",0,1.04376444231017,FALSE,"YBL028C"
"YNL315C","ATP11",0,-1.54852246760483,FALSE,"YBL028C"
"YPL231W","FAS2",-0.843396281887021,0.0457225357346006,TRUE,"YBL028C"
"","",0,0,FALSE,"YCR087C_A"
"YAR002C-A","ERP1",0,-0.0597054333385582,TRUE,"YDR514C"
"YBL039C","URA7",0.331131922217202,-0.0149513934314891,TRUE,"YDR514C"
"YBL091C","MAP2",0,-0.138616270645532,TRUE,"YDR514C"
"YDR064W","RPS13",0,0.045862297908688,TRUE,"YDR514C"
"YPR102C;YGR085C","RPL11A;RPL11B",0.00432160595009347,-0.0549616969314789,TRUE,"YDR514C"
"YHR198C","AIM18",0,-1.34776592709076,FALSE,"YDR514C"
"YJR047C","ANB1",0,1.28131249085814,FALSE,"YDR514C"
"YKL216W","URA1",0.908044290224889,1.13428666468905,FALSE,"YDR514C"
"YML128C","MSC1",0,-1.0920633489121,FALSE,"YDR514C"
"YNL112W","DBP2",-0.00752158733254279,-0.0888376631397035,TRUE,"YDR514C"
"YOL086C","ADH1",-0.0219215482781991,-0.0306339715487816,TRUE,"YDR514C"
"YOR222W","ODC2",0,-1.16935524941978,FALSE,"YDR514C"
"YPL160W","CDC60",-0.200415298630296,-0.00863870165301193,TRUE,"YDR514C"
"YPL231W","FAS2",0.0426443374084937,0.061015774681628,TRUE,"YDR514C"
"","",0,0,FALSE,"YGR237"
"YCL040W","GLK1",0,-2.13226164823731,FALSE,"YKL023W"
"YGL207W","SPT16",0,-1.50758275992414,FALSE,"YKL023W"
"YJL052W","TDH1",-0.72196765942207,-1.04978543292319,FALSE,"YKL023W"
"YMR189W","GCV2",0,-1.03880639584651,FALSE,"YKL023W"
"YPL231W","FAS2",0.169540231459797,0.00949050294745244,TRUE,"YKL023W"
"YER112W","LSM4",0,-1.40966146682091,FALSE,"YNL050C"
"YPR102C;YGR085C","RPL11A;RPL11B",-0.0734236188122563,-0.00699959671927819,TRUE,"YNL050C"
"YKL216W","URA1",1.03955955725571,1.21574071346402,FALSE,"YNL050C"
"YML128C","MSC1",0.226385217270386,-1.00364018005873,FALSE,"YNL050C"
"YNL112W","DBP2",0.130403761658039,-0.14020533450431,TRUE,"YNL050C"
"YPL231W","FAS2",0.137241191711593,0.0124971626829022,TRUE,"YNL050C"
"YBL016W","FUS3",0,1.15555496084056,FALSE,"zuo1"
"YBR126C","TPS1",0,-1.05619116867375,FALSE,"zuo1"
"YCL047C","POF1",0,1.34641799354388,FALSE,"zuo1"
"YCR030C","SYP1",0,1.00834345852933,FALSE,"zuo1"
"YDL060W","TSR1",0,1.31614574229336,FALSE,"zuo1"
"YDL215C","GDH2",0,1.35326682449854,FALSE,"zuo1"
"YDR032C","PST2",0,-1.02646953970618,FALSE,"zuo1"
"YDR533C","HSP31",0,-1.10398396399255,FALSE,"zuo1"
"YER025W","GCD11",0,1.14365463452604,FALSE,"zuo1"
"YER067W","RGI1",0,-1.27977407696924,FALSE,"zuo1"
"YGL008C;YPL036W","PMA1;PMA2",0,1.15289728719897,FALSE,"zuo1"
"YGL009C","LEU1",2.09386436750618,2.50245790769808,FALSE,"zuo1"
"YGL027C","CWH41",0,1.02119542451449,FALSE,"zuo1"
"YGR248W","SOL4",0,-1.22657749227985,FALSE,"zuo1"
"YGR285C","ZUO1",0,-2.44693445595439,FALSE,"zuo1"
"YHL033C","RPL8A",0,-1.2028043615499,FALSE,"zuo1"
"YNL162W;YHR141C","RPL42A;RPL42B",0.774586781183158,1.13592881552641,FALSE,"zuo1"
"YHR208W","BAT1",0,1.17740757777352,FALSE,"zuo1"
"YIL136W","OM45",0,-1.05526147149119,FALSE,"zuo1"
"YIR035C","YIR035C",0,1.12141333091586,FALSE,"zuo1"
"YIR038C","GTT1",0,-2.11910293415299,FALSE,"zuo1"
"YJL039C","NUP192",0,1.13000830410861,FALSE,"zuo1"
"YJL052W","TDH1",0,-1.5019738529174,FALSE,"zuo1"
"YJL130C","URA2",0,-1.01051217152047,FALSE,"zuo1"
"YJR137C","MET5",0,1.34101793488069,FALSE,"zuo1"
"YKL104C","GFA1",0,1.07608016949772,FALSE,"zuo1"
"YKL134C","OCT1",0,1.47238378969464,FALSE,"zuo1"
"YLL011W","SOF1",0,1.18802105141695,FALSE,"zuo1"
"YLL018C","DPS1",0,1.20062989798307,FALSE,"zuo1"
"YLR002C","NOC3",0,1.14958455315814,FALSE,"zuo1"
"YLR089C","ALT1",0,1.1740867785504,FALSE,"zuo1"
"YLR106C","MDN1",0,1.09659920721425,FALSE,"zuo1"
"YLR178C","TFS1",0,-1.22468813202549,FALSE,"zuo1"
"YLR258W","GSY2",0,1.06232898078839,FALSE,"zuo1"
"YLR276C","DBP9",0,1.79530980032002,FALSE,"zuo1"
"YLR303W","MET17",0,1.75450273218095,FALSE,"zuo1"
"YLR335W","NUP2",0,1.06557231159362,FALSE,"zuo1"
"YLR384C","IKI3",0,1.24409549029655,FALSE,"zuo1"
"YLR410W","VIP1",0,1.23309043174766,FALSE,"zuo1"
"YML128C","MSC1",-1.15788201520412,-1.69562914589556,FALSE,"zuo1"
"YMR105C","PGM2",0,-1.75876996448455,FALSE,"zuo1"
"YMR145C","NDE1",0,1.30345930182834,FALSE,"zuo1"
"YMR169C","ALD3",0,-1.01657037533329,FALSE,"zuo1"
"YMR241W","YHM2",0,1.03294716409913,FALSE,"zuo1"
"YNL036W","NCE103",0,1.54942274574666,FALSE,"zuo1"
"YNL119W","NCS2",0,1.57826247996957,FALSE,"zuo1"
"YNL201C","PSY2",0,1.10621429609097,FALSE,"zuo1"
"YNL313C","EMW1",0,1.10245657665073,FALSE,"zuo1"
"YNR016C","ACC1",0,1.07608016949772,FALSE,"zuo1"
"YOR173W","DCS2",0,-1.39228856916648,FALSE,"zuo1"
"YOR303W","CPA1",0,1.48954293564247,FALSE,"zuo1"
"YPL081W","RPS9A",0,1.3085356237654,FALSE,"zuo1"
"YPL106C","SSE1",0,0.0886843715333915,TRUE,"zuo1"
"YPL231W","FAS2",0,0.4454088941096,TRUE,"zuo1"
"YPR035W","GLN1",0,-1.11719263947545,FALSE,"zuo1"
"YPR159W","KRE6",0,1.14808808264534,FALSE,"zuo1"
