"","name","P1A1","P1A10","P1A11","P1A12","P1A2","P1A3","P1A4","P1A5","P1A6","P1A7","P1A8","P1A9","P1B1","P1B10","P1B11","P1B12","P1B2","P1B3","P1B4","P1B5","P1B6","P1B7","P1B8","P1B9","P1C1","P1C10","P1C11","P1C12","P1C2","P1C3","P1C4","P1C5","P1C6","P1C7","P1C8","P1C9","P1D1","P1D10","P1D11","P1D12","P1D3","P1D4","P1D5","P1D6","P1D7","P1D8","P1D9","P1E1","P1E10","P1E11","P1E12","P1E2","P1E3","P1E4","P1E5","P1E6","P1E7","P1E8","P1E9","P1F1","P1F10","P1F11","P1F12","P1F2","P1F3","P1F4","P1F5","P1F6","P1F7","P1F8","P1F9","P1G1","P1G10","P1G11","P1G12","P1G2","P1G3","P1G4","P1G5","P1G6","P1G7","P1G8","P1G9","P1H1","P1H10","P1H11","P1H12","P1H2","P1H3","P1H4","P1H5","P1H7","P1H8","P1H9","P2A1","P2A10","P2A11","P2A12","P2A2","P2A3","P2A4","P2A5","P2A6","P2A7","P2A8","P2A9","P2B1","P2B10","P2B11","P2B12","P2B2","P2B3","P2B4","P2B5","P2B6","P2B7","P2B8","P2B9","P2C1","P2C10","P2C11","P2C12","P2C2","P2C3","P2C4","P2C5","P2C6","P2C7","P2C8","P2C9","P2D1","P2D10","P2D11","P2D12","P2D2","P2D3","P2D4","P2D5","P2D6","P2D7","P2D8","P2D9","P2E1","P2E10","P2E11","P2E2","P2E3","P2E4","P2E5","P2E6","P2E7","P2E8","P2E9","P2F1","P2F10","P2F11","P2F2","P2F3","P2F4","P2F5","P2F6","P2F7","P2F8","P2F9","P2G1","P2G10","P2G11","P2G2","P2G3","P2G4","P2G5","P2G6","P2G7","P2G8","P2G9","P2H1","P2H10","P2H11","P2H2","P2H3","P2H4","P2H5","P2H6","P2H7","P2H8","P2H9"
"YER025W","GCD11",-4.82589954991434,-5.25409159081878,-4.99449653265325,-5.27162231510917,-5.30328368935596,-4.7121395957351,-4.84848492399131,-4.86527847254815,-5.00117744792868,-4.16372016359343,-4.33206166759739,-5.09240991877707,-5.13123876362593,-5.12641521401756,-4.69965455492848,-2.65112287909828,-4.44583582192811,-5.0404782428513,-3.87544854572762,-4.51369336531317,-4.4687443684634,-3.96144015324846,-4.71728170982266,-4.06630788010163,-3.69916889793068,-4.69245480531095,-4.85791876902306,-5.05358779337975,-4.47564421891472,-4.85143629536042,-4.87981251625842,-5.47028590507058,-4.78718312612759,-4.67828681587262,-5.30202116238375,-4.40713812097869,-4.78855681561002,-2.37309205442439,-4.59192913393937,-3.56622232923856,-3.56451476209428,-4.67894919297937,-4.95805470962958,-5.12661279824959,-4.94034889996177,-2.75720298159656,-4.6002691465705,-4.40387624161232,-4.39472749725491,-4.18096928173741,-4.36237788108833,-5.11297091952536,-4.66718230651121,-4.80769544985986,-4.01838502559864,-5.10606601128528,-4.44922625771397,-3.59683344179061,-4.71145156302038,-4.99857671596914,-4.79989198839262,-4.83865690724801,-4.10601981606217,-4.8520082650212,-4.86171955615114,-4.54650232561335,-4.80951910342437,-4.25618249434895,-2.52396313513698,-4.60250067078603,-3.71297197110328,-3.5067532702193,-5.16907220586934,-5.3429627816466,-4.86641803434705,-4.83356731842477,-3.76108261708387,-5.19742535467504,-4.74758427433879,-4.75426817408729,-4.85748905754423,-5.0345849123456,-5.27517914298569,-5.38915435313821,-3.87527884858941,-3.37663071539281,-3.9569762363319,-3.72973373945982,-3.31600855334575,-3.57354919891084,-2.54984714799351,-3.14840838895048,-4.04630647834528,-4.61506025697644,-3.79105338254718,-2.99232285795998,-2.64326433776635,-4.54450443135867,-2.91700063884319,-4.75085622921863,-4.41747101748963,-1.86857299140619,-3.16832097546732,-4.09952121378475,-4.65590458168718,-4.36262560849063,-3.2240317717673,-4.26436696855533,0,-2.76653611372002,-4.36170124235204,0,0,-2.81893440747845,0,-2.48005625732977,0,-4.44605324552859,-2.58451134759386,-2.6781584641519,-2.31631496027901,0,-3.82598082205752,-2.54178934472368,-2.10382490604591,-3.70585675979108,0,-3.97034138974242,-3.24695872056505,-3.51720172786184,-4.07022200837761,-4.24971889687324,-4.49453154656768,-4.04549465055757,-4.09593031974155,-4.91045371678799,-3.30672404235425,-4.14160040174667,-2.57752143964483,-2.64487120906839,-2.16355417877472,-3.38907716356958,-3.95492812384899,0,-4.55584563572566,-4.22759832319306,-3.02913293097232,-2.24594976844807,-1.8781782496127,-2.8691317819196,-2.76240415746621,-2.97603955634042,-3.38164375126139,-5.02259526268012,-2.39441078348958,0,-2.23196407608543,-3.36758388465532,-4.18042592290053,-4.25464092970821,-2.41460367379877,-2.01846448223232,-3.99273996079661,0,-4.37893037185778,-3.30031520893842,-2.80618335694487,-3.10644685452112,-4.54883049355821,-3.28068039100743,-2.34835248042975,-2.75921738001309,-3.5800838859399,-2.65083298195474,-4.05376691106395,-3.71968700536732,-3.68488770081287,-2.96693444047049,-4.06635791690114,-3.16515172983828,-3.59378933779434,-4.31357164602895,-2.91411312498861,-3.03603995950261,-2.5715249046085,-2.9435732003451
"YPL237W","SUI3",-4.82790201908974,-5.60052460672654,-5.07641245667409,-4.54684039652545,-5.87537637201928,-4.82905350376164,-5.05675291348021,-4.99363390174217,-5.06490071455241,-4.39270554318825,-4.62814400608035,-5.53512103385298,-5.18307677277692,-5.52641612456062,-4.13176044632961,-1.92062793241594,-4.5325688083752,-5.12342234196949,-3.89040062691608,-4.98806533400665,-4.79234165867993,-4.17200369533973,-4.91223113235675,-4.00390523166172,-3.69036919346939,-5.09126943848924,-4.46742480765325,-5.49888151603009,-4.91994553977556,-5.29834635991241,-5.08543397694427,-5.73235924695571,-5.04317330983932,-4.90837787667793,-5.84801707885948,-4.92428771123172,-5.15125270761081,-2.29525775822668,-5.41315304603497,-3.90642886556852,-3.64304453738818,-5.29214776044489,-5.73418132561499,-5.99201363874396,-5.21645590087452,-2.64442274187282,-4.71846433882291,-5.07118245343929,-4.30730597905998,-4.50264098519478,-4.34726919831995,-5.63303082919283,-5.07888573413942,-5.18855484235213,-4.06650876659471,-5.4860523166975,-4.92505627014774,-3.64143736118338,-5.30316112562463,-5.51629221730361,-5.52537403595405,-5.58758067242007,-4.14404524261313,-5.49005835744944,-5.34895336483296,-4.74619246642543,-5.06113089796313,-4.44027483225165,-2.63954442955755,-5.28820875897675,-4.06064703859769,-3.5650229805592,-5.79009353798455,-5.78924857872121,-5.30094300717287,-5.24080496898395,-3.72434700420637,-5.77264316843378,-5.30004885929937,-5.06429708661479,-5.17712209140537,-5.68663845048051,-5.66792900520888,-5.74153949815457,-2.76492361336121,-2.63014522585377,-4.00401218091326,-3.78680712420226,-2.70330551888706,-2.70497871163589,0,-2.53963400886011,-3.94686760053416,-3.95524831630448,-3.63043094476391,-2.93442888500197,0,-3.92430145256068,-2.98671579107426,-4.47597870440101,-4.43300338513049,0,-3.13045121249015,-3.09385279987733,-3.20804820392735,-4.4294687590511,-3.43184055471154,-4.07519934152167,0,0,-4.50773190964956,0,0,0,0,-2.32666461675472,0,-4.61318572204489,-2.09782838481917,-2.40156188784489,-2.03984055854875,0,-3.7625279224572,-2.57298913016528,-1.83786191959877,-3.97344449885569,0,-3.96552844144244,-3.11684347432278,-3.56475688554134,-4.09107725888906,-4.21282716195699,-4.33140636785808,-4.08487392733024,-4.24290473916614,-5.22933977599121,-3.26019926771049,-4.30622582290088,0,-2.48459199047699,-2.0291584539478,-3.29476383591274,-4.08370548667535,0,-2.53614127598606,-4.75224201549644,0,-2.11872383312708,-1.71972534880878,-2.64864790611217,-2.67429301693741,-2.99702380030591,-3.46359203314185,-5.73376361501881,-2.49262847235702,0,-2.25579346136628,0,-4.07179307646517,-3.46743436757558,-2.32250298270976,-2.03099536824972,-3.90976341378061,0,-4.81133107501388,-3.30513961539875,-2.74807007614109,-3.2828735736715,-4.93917362227612,-3.39351863410147,-2.34743663009165,-2.7793912898851,-3.81547190147136,-2.65800869604892,-4.26122650525464,-4.04041537171047,-3.64998711344248,-2.7273138715541,-4.40032278947857,-3.26909523532669,-3.92083016228665,-4.59819193362169,-3.05061104957808,-2.91833656503983,-2.6738641600001,-2.86943177046051
"YGL099W","LSG1",-4.51577451811453,-5.02791116649505,-4.97192357705159,-4.87087512582326,-4.67846304620602,-4.67663921547053,-4.68567117502479,-4.84171641118696,-5.05845165218601,-4.71848864795393,-4.64015686336843,-5.07175186635136,-5.06551693560633,-4.46237438217615,-4.38789019531405,-3.28298568995675,-4.66601292145621,-5.02761044393734,-4.369619840368,-4.05576697368659,-4.28992871144137,-4.00560013442106,-4.60328780043884,-4.48605418219778,-4.04265597408149,-4.6066258719136,-4.68921668767802,-4.59534630604397,-4.29477223604761,-4.49134955696836,-4.71606440080793,-5.31182389258724,-4.82023942793147,-4.69089776330536,-5.14924167715241,-4.35799766253389,-4.46678816716845,-3.14356176606771,-4.31687672293272,-4.13861202542053,-4.5443936262492,-4.60723986744014,-4.53982466334669,-4.6823441034155,-4.70818487736972,-3.80623767723357,-4.65344256734702,-4.84082753019432,-4.32174932337196,-4.2648890183068,-4.60888772402797,-4.84742498744849,-4.93806547070588,-4.63784977383099,-4.50299608092309,-4.63114283166238,-4.44961031633657,-4.46045878690068,-4.32356009090662,-4.57399230830065,-4.2666568227779,-4.34966244256693,-4.58316908012871,-4.66257592236675,-4.80930382831428,-4.89806185080678,-4.69169428844935,-4.70746629446373,-3.12058634407193,-4.25625972914419,-3.98531039029947,-4.1974204504215,-4.87218967033263,-5.04264452718603,-4.56724669158081,-4.47592191995684,-4.26326937875997,-4.89771605521459,-4.5106573015096,-4.55626517835227,-4.40056573227758,-4.60964524690891,-4.71652608436819,-5.01147537812672,-3.85833381849502,-3.63593627417916,-4.3459186751573,-4.68666391580119,-4.09701061544143,-3.62873483261557,-3.13019415767633,-3.81966002578435,-4.24456212679563,-4.79344781367646,-2.59596672796952,-4.32497246020243,-3.11702755603025,-4.74509852118,-2.18662021581706,-2.89002051726847,-2.84067937488145,-3.68767738281667,-3.87035379596745,-4.66286861860323,-4.77314694572311,-4.8230213534084,-2.98848406126774,-4.11836934103862,-2.78388826835742,-3.57082672827677,-4.70669183492763,-2.49035619440962,-2.4305705244978,-2.65793865141138,-2.64937132258483,-2.51695623223197,-1.7843524156093,-4.11784857445523,-3.86821172684494,-3.5018836817968,-3.42783781725039,-3.60989614431363,-4.49857335735509,-3.77091159096719,-3.59906977465053,-3.12164373658924,-2.6721788908438,-3.00640173681926,-2.810645860788,-2.83481820006495,-4.48619953612401,-4.12748572602072,-4.84138476840777,-4.60034632173447,-4.49217867642717,-4.67995680282647,-4.07642194476708,-4.65680700570339,-3.1813001910272,-4.05918375208428,-3.88567764785637,-4.30572487419792,-4.46120021215159,-2.93967205931285,-4.56423675540872,-4.64337742382959,-3.56494792722033,-3.72965780066971,-3.68882306069336,-4.12171246893297,-4.15792659065668,-3.82986526567416,-4.01417799732424,-4.5089955120221,-3.69746650772746,-2.42991765074518,-3.24223252168459,-3.24532550865772,-4.58977682413205,-4.61318661006757,-3.58235898601924,-3.59776906949374,-4.15120585641614,-2.22031472283928,-4.18535773100796,-4.08637154579643,-3.87135462401016,-3.42314590592029,-4.27728551398353,-3.69404760951498,-3.19640834660343,-4.00236169702729,-4.05127749660623,-3.5995808875617,-4.28622469359565,-4.11857186193298,-4.12428698044829,-4.02641432450674,-4.18465440664646,-3.98809621108635,-4.15993861771356,-4.30588450212114,-4.01175511805484,-4.20215015702608,-3.97932607463816,-4.18733363357872
"YLL013C","PUF3",-2.00638767978717,-3.18320397620467,-3.14817289263742,-2.87450081894981,-2.13306771257864,-2.12874376627594,-2.16148519301708,-2.26020492071805,-3.21061930395174,-2.49642252785054,-3.05722704225844,-3.1407906922486,-2.36102760836589,-2.45735531341338,-2.53581214454965,-2.80734747238205,-2.32002192755667,-2.31527090533041,-2.35099602871517,-2.36915286538576,-2.36471025373762,-2.24240687840635,-2.28163427790435,-2.40594227562629,-2.49627318245596,-2.93147834770669,-2.84825959542262,-2.95173699966032,-2.45959633340488,-2.55552307282398,-2.06435712907966,-3.28604734496129,-3.03629557643783,-2.94553911320467,-3.11612588867263,-2.77034972719608,-2.81695411517565,-2.81469211093493,-2.40532671418938,-2.46926188620636,-2.77039371032864,-2.38008924156424,-2.50811319678348,-2.77120465646072,-2.81816022062732,-2.97017593707999,-2.88217888880012,-2.41688445833463,-2.15790156768131,-2.08462468576938,-2.17213340525821,-2.57296943682113,-2.42218472305845,-2.65254887939888,-2.80794818083539,-2.78153836973908,-2.93362524694905,-3.00811197131817,-1.84849111495184,-2.24879251451233,-2.38172711015717,-2.35692536692409,-2.71533722386614,0,0,0,0,0,-2.4158573979172,-2.31944436757996,-2.38227651659057,-2.61129357992086,-2.30965330192938,-2.58177287905576,-2.59770414079183,-2.74659278221882,-2.73949248285713,-2.8700744846212,-2.65729703771606,-2.5948166089312,-2.62713756136412,-2.61621870038032,-2.81200177802505,-2.7298928613833,-2.71265422284906,-2.72820507923448,-2.89323203286112,-2.80331255074645,-2.89695582837552,-2.81842278552144,-2.06982876318845,-2.62579513116284,-2.67919286260675,-2.89985546130012,0,-2.81717784873192,-2.29074575999424,-2.66125365895082,0,0,0,-2.87861835947861,-2.19674734589022,-2.91952556551446,-2.91036673031405,-2.87235066693223,-2.19357826666515,-2.12210882680371,-2.72240087406429,-2.59146416122183,-2.61319396241989,0,0,0,0,0,-2.334172800796,-2.14725594560386,-2.62564243331818,-2.68898646466546,-3.01026723958905,-3.00488909336994,-2.65842682312423,-2.6578058050256,-2.87204173649769,-2.18196727478875,-1.86405111374872,0,0,0,-3.12642882216703,-2.85951848715293,-2.48530079517487,-2.53598424975944,-3.04630157113607,-3.00275897882855,-2.22990451112808,-2.68357771383064,-2.44813421999095,-2.5176732352568,-2.55064293898322,-2.49302860561913,-3.11509217777246,-2.59939424809928,-2.23474669564557,-2.58864014750899,-3.11269671877425,-2.60256843326213,-2.48308051694212,-2.53753262846554,-2.69657423634834,-2.61068511012449,-2.35347625594155,-2.40683306067637,-1.98686174050332,-2.01460298327777,-1.94353198800955,0,-1.59432500382509,-1.61889806866246,-1.70030459471327,-2.02231309254161,-2.05294861983236,-2.07923969316673,-1.82264483386995,-2.37513294107819,-2.07364916911164,-1.76614845501272,-1.89297957469298,-2.0020961796371,-1.94655383996012,-2.26229498952933,-2.36439541683614,-2.2604439792459,-2.49389215120676,-2.126005282749,-2.51774930648224,-2.90269471275125,-2.0974679845419,-2.2456427487258,-2.03363874510081,-2.12912366171849,-2.28751999550408,-2.30905524690941,-2.14123880243712,-2.22162893995085
"YMR260C","TIF11",0,0,0,0,0,0,0,0,0,0,0,0,0,0,0,5.22686930533387,0,0,0,0,0,0,0,0,0,0,0,0,0,0,0,0,0,0,0,0,0,0,0,0,0,0,0,0,0,0,0,0,3.87282674144881,0,0,0,0,0,0,0,0,0,0,0,0,0,0,0,0,0,0,0,0,0,0,0,0,0,0,0,0,0,0,0,0,0,0,0,0,0,0,0,0,0,6.93202049091352,3.18502673372096,0,0,0,0,0,0,0,0,0,0,0,0,4.49505791063795,0,0,0,0,4.94564081684941,0,0,0,0,0,0,0,0,0,0,0,7.76193941716642,0,0,0,0,0,0,0,0,0,0,0,0,0,0,0,0,3.07820122265362,0,0,0,0,0,4.08705864700169,0,0,0,0,0,0,0,0,0,0,6.67694102743431,0,5.92243258513469,0,0,0,0,0,0,0,0,0,0,0,0,0,0,0,0,0,0,0,0,0,0,0,0,0,2.20149127718612,0,0
"YOR198C","BFR1",0,0,0,0,0,0,0,0,0,3.24141601524961,0,0,0,0,2.30874730669182,3.36582946769057,0,0,0,0,0,0,0,0,0,0,0,0,0,0,0,0,0,0,0,0,0,0,0,0,0,0,0,0,0,0,0,0,0,0,0,0,0,0,0,0,0,0,0,0,0,0,0,0,0,0,0,0,0,0,0,0,0,0,0,0,0,0,0,0,0,0,0,0,2.11659141841937,0,0,0,2.28106387755851,0,4.63809025214526,0,0,1.52784179413346,0,4.42820146897941,3.53096128785713,2.1186392660934,0,0,0,0,0,0,0,0,0,0,4.71943912031329,0,2.33060516024998,0,0,0,0,0,0,0,0,0,0,6.26709271065358,0,0,0,0,0,0,0,0,0,0,0,0,0,0,0,3.26490246063564,0,0,0,0,0,0,2.54734153262264,0,3.23043167015947,3.65064939702718,4.16011577363663,4.80961587311232,4.6355011688548,0,0,0,0,6.39249560053017,2.35845132215243,3.81963742335894,0,0,4.83822347299384,0,0,0,0,0,0,0,0,0,0,0,0,0,0,0,0,3.13189377964474,0,0,0,0,0,3.66598957902308,0,0
"YJR014W","TMA22",0,0,0,0,0,0,0,0,0,0,0,0,0,0,0,2.88927028133148,0,0,0,0,0,0,0,0,0,0,0,0,0,0,0,0,0,0,0,0,0,0,0,0,0,0,0,0,0,0,0,0,0,0,0,0,0,0,0,0,0,0,0,0,0,0,0,0,0,0,0,0,0,0,0,0,0,0,0,0,0,0,0,0,0,0,0,0,0,0,0,0,0,0,3.55217242521366,0,0,0,0,3.23799822678333,3.11273917933567,0,0,0,0,0,0,0,0,0,0,0,0,0,0,0,0,0,0,0,0,0,0,0,0,5.70282557830729,0,0,0,0,0,0,0,0,0,0,0,0,0,0,0,0,0,0,0,0,0,0,2.29130314969087,0,0,2.93117905795916,3.38914108973357,3.52409735945095,3.48020332111556,0,0,0,0,5.41960420444031,0,3.31288074375777,0,0,3.04135455025356,0,0,0,0,0,0,0,0,0,0,0,0,0,0,0,0,0,0,0,0,0,0,0,0,0
"YLL018C","DPS1",0,0,0,0,0,1.46198877886817,0,0,0,2.32773683744093,0,0,0,0,0,3.44057408433753,0,0,0,0,0,0,0,1.48461978983207,0,0,0,0,0,0,0,0,0,0,0,0,0,0,0,0,0,0,0,0,0,0,0,0,0,0,0,0,0,0,0,0,0,0,0,0,0,0,0,0,0,0,0,0,0,0,0,0,0,0,0,0,0,0,0,0,0,0,0,0,0,0,0,0,2.02217737116208,0,2.12661037876035,0,0,0,0,2.7901423289658,1.8926645053126,0,0,0,0,0,0,0,0,0,0,0,3.81371151970663,0,1.60549847379723,0,0,0,0,0,0,0,0,0,0,3.98828907581136,0,0,0,0,0,0,0,0,0,0,0,0,0,0,0,2.14710139423527,0,0,0,0,0,0,2.28830898778369,0,1.9615338859395,3.21212397133288,3.50795655438065,3.2363941230587,3.294137727598,0,0,0,0,4.71483076267275,2.586601167976,2.22964638270476,0,0,3.05667458695995,0,0,0,0,0,0,0,0,0,0,0,0,0,0,0,0,0,0,0,0,0,0,2.48466573112844,0,3.59436498907791
"YKL021C","MAK11",0,0,0,0,0,0,0,0,0,0,0,0,0,0,0,0,0,0,0,0,0,0,0,0,0,0,0,0,0,0,0,0,0,0,0,0,0,0,0,0,0,0,0,0,0,0,0,0,2.32335172635003,0,0,0,0,0,0,0,0,0,0,0,0,0,0,0,0,0,0,0,0,0,0,0,0,0,0,0,0,0,0,0,0,0,0,0,0,0,0,0,0,0,0,0,0,0,0,0,0,0,0,0,0,0,0,0,0,0,0,0,0,0,0,0,0,0,0,0,0,0,0,0,0,0,0,0,0,0,0,0,0,0,0,0,0,0,0,0,0,0,0,0,0,0,0,0,0,0,4.83055653335286,3.70405635261242,4.01817179790258,0,2.5175573756553,0,0,0,0,0,0,0,0,0,0,0,0,0,0,0,0,0,0,0,0,0,0,0,0,0,2.17680890863122,4.04648931342849,0,0,0,0,0,2.70722110131207,0,0
"YNL124W","NAF1",0,0,0,0,0,0,0,0,0,0,0,0,0,0,0,0,0,0,0,0,0,0,0,0,0,0,0,0,0,0,0,0,0,0,0,0,0,0,0,0,0,0,0,0,0,0,0,0,0,0,0,0,0,0,0,0,0,0,0,0,0,0,0,0,0,0,0,0,0,0,0,0,0,0,0,0,0,0,0,0,0,0,0,0,4.37808690576628,4.41427099528854,0,0,0,4.78664065323068,0,4.52574470467297,0,4.91181113144194,0,0,0,0,0,0,0,0,0,0,0,0,0,0,0,0,0,0,0,0,0,0,0,0,0,0,0,0,0,0,0,0,0,0,0,0,0,0,0,0,0,0,0,0,0,0,0,0,0,0,0,0,5.2790639751031,0,0,0,0,0,0,0,0,0,0,0,0,0,0,0,0,0,0,0,0,0,0,0,0,0,0,0,0,0,0,0,0,0,0,0,0,0,0,0
"YKL160W","ELF1",0,0,0,0,0,0,0,0,0,0,0,0,0,0,0,0,0,0,0,0,0,0,0,0,0,0,0,0,0,0,0,0,1.96170522659779,0,0,0,0,0,0,0,0,0,0,0,0,0,0,0,0,0,0,0,0,0,0,0,0,0,0,0,0,0,0,0,0,0,0,0,0,0,0,2.86129502391563,0,0,0,0,0,0,0,0,0,0,0,0,0,0,0,2.35450154589105,0,0,0,0,0,0,1.73115321103262,0,0,0,0,0,0,0,0,2.59076267598242,3.36212683244759,0,0,0,0,0,0,0,0,0,0,0,0,0,2.53503422062765,0,0,0,0,0,0,0,0,0,0,0,0,0,0,0,0,0,0,0,0,0,0,0,0,0,0,0,0,0,0,0,0,0,0,0,0,0,0,6.1864145411633,0,0,0,0,0,0,0,0,0,0,0,0,0,0,0,0,0,0,0,0,0,0,0,0,0,0,0,0
"YHR038W","RRF1",0,0,0,0,0,0,0,0,0,0,0,0,0,0,0,5.46131425761885,0,0,0,0,0,0,0,0,0,0,0,0,0,0,0,0,0,0,0,0,0,0,0,0,0,0,0,0,0,0,0,0,0,0,0,0,0,0,0,0,0,0,0,0,0,0,0,0,0,0,0,0,0,0,0,0,0,0,0,0,0,0,0,0,0,0,0,0,0,0,0,0,0,0,0,0,0,0,0,0,0,2.46521414876752,0,0,0,0,0,2.11342228921197,0,0,0,0,0,0,0,0,0,0,0,0,0,0,3.17482417340088,0,0,5.87112310835485,0,0,0,0,0,0,0,0,0,0,0,0,0,0,0,0,0,0,0,0,0,0,0,0,0,0,0,0,0,0,0,0,0,0,0,6.12984969532606,0,0,0,0,0,0,0,0,0,0,0,0,0,0,0,0,0,0,0,0,0,0,0,0,0,0,0,3.70324973030449
"YER007C-A","TMA20",0,0,0,0,0,0,0,0,0,1.49947555547875,0,0,0,0,1.97962236516813,3.00818081834728,0,0,0,0,0,0,0,0,0,0,0,0,0,0,0,0,0,0,0,0,0,0,0,0,0,0,0,0,0,0,0,0,0,0,0,0,0,0,0,0,0,0,0,0,0,0,0,0,0,0,0,0,0,0,0,0,0,0,0,0,0,0,0,0,0,0,0,0,0,0,0,0,0,0,0,0,0,0,0,0,3.69703712275043,0,0,0,0,0,0,0,0,0,0,0,0,0,0,0,0,0,0,0,0,0,0,0,0,5.75035665744742,0,0,0,0,0,0,0,0,0,0,0,0,0,0,0,2.27290435377175,0,0,0,0,0,0,2.39410895408037,0,0,2.93884921657424,0,3.54722695751613,3.686761528282,0,0,0,0,0,0,2.98395907349235,0,0,0,0,0,0,0,0,0,0,0,0,0,0,0,0,0,0,0,0,0,0,0,0,0,0,0,0
"YDL173W","PAR32",0,0,0,0,0,0,0,0,0,0,0,0,0,0,0,4.62267349600317,0,0,0,0,0,0,0,0,0,0,0,0,0,0,0,0,0,0,0,0,0,0,0,0,0,0,0,0,0,0,0,0,0,0,0,0,0,0,0,0,0,0,0,0,0,0,0,0,0,0,0,0,0,0,0,0,0,0,0,0,0,0,0,0,0,0,0,0,0,2.68926586968698,0,0,3.63914534793261,0,0,3.3563018256884,0,0,0,0,0,0,0,0,0,0,0,0,0,0,0,0,4.0815991693601,3.38463444644928,0,0,0,0,0,0,0,0,0,0,0,0,0,0,0,0,0,0,0,0,0,0,0,0,0,0,0,0,1.9697092775785,0,0,0,0,0,0,0,0,0,0,0,0,0,0,0,0,0,0,0,0,0,0,0,0,0,0,0,0,0,0,0,0,0,0,0,0,0,0,0,0,0,0,0,0,0,0,0
"YHR146W","CRP1",0,0,0,0,0,0,0,0,0,0,0,0,0,0,0,0,0,0,0,0,0,0,0,0,0,0,0,0,0,0,0,0,0,0,0,0,0,0,0,0,0,0,0,0,0,0,0,0,0,0,0,0,0,0,0,0,0,0,0,0,0,0,0,0,0,0,0,0,0,0,0,0,0,0,0,0,0,0,0,0,0,0,0,0,0,0,0,0,0,0,0,0,0,0,0,0,0,0,0,0,0,0,0,0,0,0,0,0,2.55460590517199,0,0,0,0,0,0,0,0,0,0,0,0,0,0,0,0,0,0,0,0,0,0,0,0,0,0,0,0,0,0,0,0,0,0,0,0,0,0,0,0,0,0,0,0,0,0,1.79093645735527,0,2.76629545754587,0,0,0,0,0,0,0,0,0,0,0,0,0,0,0,0,0,0,0,0,0,0,0,0,0,0,0,0
"YER029C","SMB1",0,0,0,0,0,0,0,0,0,0,0,0,0,0,0,0,0,0,0,0,0,0,0,0,0,0,0,0,0,0,0,0,0,0,0,0,0,0,0,0,0,0,0,0,0,0,0,0,0,0,0,0,0,0,0,0,0,0,0,0,0,0,0,0,0,0,0,0,0,0,0,0,0,0,0,0,0,0,0,0,0,0,0,0,0,0,0,0,0,0,0,0,0,0,0,0,0,0,0,0,0,0,0,0,0,0,0,0,2.89327858978256,0,0,0,0,0,0,0,0,0,0,0,0,0,0,0,0,0,0,0,0,0,0,0,0,0,0,0,0,0,0,0,0,0,0,0,0,0,0,0,0,0,0,0,0,0,0,0,0,4.47242234053022,0,0,0,0,0,0,0,0,0,0,0,0,0,0,0,0,0,0,0,2.35055898361479,0,0,0,0,0,0,0,0
"YGR076C","MRPL25",0,0,0,0,0,0,0,0,0,0,0,0,0,0,0,3.43168535565922,0,0,0,0,0,0,0,0,0,0,0,0,0,0,0,0,0,0,0,0,0,0,0,0,0,0,0,0,0,0,0,0,0,0,0,0,0,0,0,0,0,0,0,0,0,0,0,0,0,0,0,0,0,0,0,0,0,0,0,0,0,0,0,0,0,0,0,0,0,0,0,0,0,0,0,0,0,0,0,0,0,0,0,0,0,0,0,0,0,0,0,0,0,0,0,0,0,0,0,0,0,0,0,0,0,3.26536521023994,0,0,0,0,0,0,0,0,0,0,0,0,0,0,0,0,0,0,0,0,0,0,0,0,0,0,0,0,0,0,0,0,0,0,0,4.16233217957689,0,0,0,0,0,0,0,0,0,0,0,0,0,0,0,0,0,0,0,0,0,0,0,0,0,0,0,0
"YLR051C","FCF2",0,0,0,0,0,0,0,0,0,0,0,0,0,0,0,3.15230401616715,0,0,0,0,0,0,0,0,0,0,0,0,0,0,0,0,0,0,0,0,0,0,0,0,0,0,0,0,0,0,0,0,0,0,0,0,0,0,0,0,0,0,0,0,0,0,0,0,0,0,0,0,0,0,0,0,0,0,0,0,0,0,0,0,0,0,0,0,0,0,0,0,0,0,0,0,0,0,0,0,0,0,0,0,0,0,0,0,0,0,0,0,3.28121314774601,2.09248159657411,0,0,0,0,0,0,0,0,0,0,0,2.99437580643844,0,0,0,0,0,0,0,0,0,0,0,0,0,0,0,0,0,0,0,0,0,0,1.98756714930498,0,0,0,0,0,0,0,0,0,0,0,0,4.27658654497538,0,0,0,0,0,0,0,0,0,0,0,0,0,0,0,0,0,0,0,0,0,0,0,0,0,0,0,0
"YGL029W","CGR1",0,0,0,0,0,0,0,0,0,0,0,0,0,0,0,3.05538394456131,0,0,0,0,0,0,0,0,0,0,0,0,0,0,0,0,0,0,0,0,0,0,0,0,0,0,0,0,0,0,0,0,0,0,0,0,0,0,0,0,0,0,0,0,0,0,0,0,0,0,0,0,0,0,0,0,0,0,0,0,0,0,0,0,0,0,0,0,0,0,0,0,0,2.48067097242507,1.77881817217669,0,0,0,0,0,0,0,0,0,0,0,0,0,0,0,0,0,3.22663539734712,2.74439819488536,0,0,0,0,0,0,0,0,0,0,0,2.39669202842065,0,0,0,0,0,0,0,0,0,0,0,0,0,0,0,0,0,0,0,0,0,0,1.61619271055136,0,0,0,0,0,0,0,0,0,0,3.65249768639363,0,3.02059437465822,0,0,0,0,0,0,0,0,0,0,0,0,0,0,0,0,0,0,0,2.64633577163102,0,0,0,0,0,0,0,0
"YLR061W","RPL22A",0,0,0,0,0,0,0,0,0,0,0,0,0,0,0,1.83672303825881,0,0,0,0,0,0,0,0,0,0,0,0,0,0,0,0,0,0,0,0,0,0,0,0,0,0,0,0,0,0,0,0,0,0,0,0,0,0,0,0,0,0,0,0,0,0,0,0,0,0,0,0,0,0,0,0,0,0,0,0,0,0,0,0,0,0,0,0,0,0,0,0,0,0,3.05418861834077,0,0,0,0,0,3.29744373978977,0,0,0,0,0,0,0,0,0,0,0,3.33560699650557,2.60355277949279,0,0,0,0,0,0,0,0,0,0,0,4.2739953109351,0,0,0,0,0,0,0,0,0,0,0,0,0,0,0,0,0,0,0,0,0,0,0,0,3.09754578260275,0,0,0,0,0,0,0,0,3.51539406015932,0,2.72318751445022,0,0,0,0,0,0,0,0,0,0,0,0,0,0,0,0,0,0,0,0,0,0,0,0,0,0,0,0
"YDL070W","BDF2",0,0,0,0,0,0,0,0,0,0,0,0,0,0,0,3.92759230453545,0,0,0,0,0,0,0,0,0,0,0,0,0,0,0,0,0,0,0,0,0,0,0,0,0,0,0,0,0,0,0,0,0,0,0,0,0,0,0,0,0,0,0,0,0,0,0,0,0,0,0,0,0,0,0,0,0,0,0,0,0,0,0,0,0,0,0,0,0,0,0,0,0,4.66514691046164,0,0,0,0,0,0,0,0,0,0,0,0,0,0,0,0,0,0,0,0,0,0,0,0,0,0,0,0,0,0,0,0,0,0,0,0,0,0,0,0,0,0,0,0,0,0,0,0,0,0,0,0,0,0,0,0,5.25030395236512,0,0,0,0,0,0,0,0,0,0,0,0,0,0,0,0,0,0,0,0,0,0,0,0,0,0,0,0,0,0,0,0,0,0,0,0,0,0,0
"YJL087C","TRL1",0,0,0,0,0,0,0,0,0,0,0,0,0,0,0,0,0,0,0,0,0,0,0,0,0,0,0,0,0,0,0,0,0,0,0,0,0,0,0,0,0,0,0,0,0,0,0,0,0,0,0,0,0,0,0,0,0,0,0,0,0,0,0,0,0,0,0,0,0,0,0,0,0,0,0,0,0,0,0,0,0,0,0,0,0,0,2.45899028693865,0,0,2.89895549470353,0,0,0,0,0,0,1.92217773973256,0,0,0,0,0,0,0,0,0,0,0,0,0,0,0,0,0,0,0,0,0,0,0,0,0,0,0,0,0,0,0,0,0,0,1.86250377251092,0,0,0,0,0,0,0,0,0,0,0,0,0,0,0,0,0,0,0,0,0,0,0,0,0,0,0,0,0,3.60068377461217,0,0,0,0,0,0,0,0,0,0,3.38598639029278,0,0,0,0,0,0,0,0,0,0,0,0,0
"YBL028C","YBL028C",0,0,0,0,0,0,0,0,0,0,0,0,0,0,0,3.36220876794896,0,0,0,0,0,0,0,0,0,0,0,0,0,0,0,0,0,0,0,0,0,0,0,0,0,0,0,0,0,0,0,0,0,0,0,0,0,0,0,0,0,0,0,0,0,0,0,0,0,0,0,0,0,0,0,0,0,0,0,0,0,0,0,0,0,0,0,0,0,0,0,0,0,0,0,0,0,0,0,0,0,0,0,0,0,0,0,0,0,0,0,0,3.35538585155204,0,0,0,0,0,0,0,0,0,0,0,0,0,0,0,0,0,0,0,0,0,0,0,0,0,0,0,0,0,0,0,0,0,0,0,0,0,0,0,0,0,0,0,0,0,0,5.25454532171307,0,0,0,0,0,0,0,0,0,0,0,0,0,0,0,0,0,0,0,0,0,0,0,0,0,0,0,0,0,0
"YIL019W","FAF1",0,0,0,0,0,0,0,0,0,0,0,0,0,0,0,4.01230098635657,0,0,0,0,0,0,0,0,0,0,0,0,0,0,0,0,0,0,0,0,0,0,0,0,0,0,0,0,0,0,0,0,0,0,0,0,0,0,0,0,0,0,0,0,0,0,0,0,0,0,0,0,0,0,0,0,0,0,0,0,0,0,0,0,0,0,0,0,0,0,0,0,0,3.82709809845658,0,0,0,0,0,0,0,0,0,0,0,0,0,0,0,0,3.20258944987595,0,0,0,0,0,0,0,0,0,0,0,0,0,0,0,0,0,0,0,0,0,0,0,0,0,0,0,0,0,0,0,0,0,0,0,0,0,0,0,0,0,0,0,0,0,0,0,0,4.771578868198,0,0,0,0,0,0,0,0,0,0,0,0,0,0,0,0,0,0,0,0,0,3.00476490727494,0,0,0,0,0,0,0,2.44779463122742
"YOR272W","YTM1",0,0,0,0,0,0,0,0,0,0,0,0,0,0,0,2.04163633820154,0,0,0,0,0,0,0,0,0,0,0,0,0,0,0,0,0,0,0,0,0,0,0,0,0,0,0,0,0,0,0,0,0,0,0,0,0,0,0,0,0,0,0,0,0,0,0,0,0,0,0,0,0,0,0,0,0,0,0,0,0,0,0,0,0,0,0,0,0,2.00563608007829,0,0,2.27963216580228,2.51632032922758,0,0,0,1.68737931504458,0,0,0,0,0,0,0,0,0,0,0,0,0,0,2.79023748575566,0,0,0,0,0,0,0,0,0,0,0,0,2.47159254152291,0,0,0,0,0,0,0,0,0,0,0,0,0,0,0,0,0,0,0,0,0,0,0,0,0,0,0,0,0,0,0,0,0,2.78916201007178,0,0,0,0,0,0,0,0,0,0,0,0,0,0,0,0,0,0,0,0,0,0,0,0,0,0,0,0,0,1.94543084423312
"YGR202C","PCT1",0,0,0,0,0,0,0,0,0,0,0,0,0,0,0,2.61669110414856,0,0,0,0,0,0,0,0,0,0,0,0,0,0,0,0,0,0,0,0,0,0,0,0,0,0,0,0,0,0,0,0,0,0,0,0,0,0,0,0,0,0,0,0,0,0,0,0,0,0,0,0,0,0,0,0,0,0,0,0,0,0,0,0,0,0,0,0,0,0,0,0,2.36402386894713,2.1747529732182,2.21874109182821,2.12792181195691,0,2.0115808856159,0,0,2.44413360264267,0,0,0,0,0,0,0,0,0,0,0,0,0,0,0,0,0,0,0,0,0,0,0,0,3.16947198736195,0,0,0,0,0,0,0,0,0,0,0,0,0,0,0,0,0,0,0,0,0,0,0,0,0,0,0,0,0,0,0,0,0,2.34777899921347,0,0,0,0,0,0,0,0,0,0,0,0,0,0,0,0,0,0,0,0,0,2.4877453437598,0,0,0,0,0,0,0,2.10813033327417
"YHR019C","DED81",0,0,0,0,0,0,0,0,0,0,0,0,0,0,0,2.31217947461792,0,0,0,0,0,0,0,0,0,0,0,0,0,0,0,0,0,0,0,0,0,0,0,0,0,0,0,0,0,0,0,0,0,0,0,0,0,0,0,0,0,0,0,0,0,0,0,0,0,0,0,0,0,0,0,0,0,0,0,0,0,0,0,0,0,0,0,0,0,0,0,0,0,0,0,0,0,0,0,1.7963253292655,0,0,0,0,0,0,0,0,0,0,0,0,0,0,0,0,0,0,0,0,0,0,0,0,0,2.90797152886813,0,0,0,0,0,0,0,0,0,0,0,0,0,0,0,0,0,0,0,0,0,0,0,0,0,0,2.49348456854565,0,2.22614219854195,0,0,0,0,3.1952904833495,0,0,0,0,1.81351225087178,0,0,0,0,0,0,0,0,0,0,0,0,0,0,0,0,0,0,0,0,0,0,0,0,0
"YAL025C","MAK16",0,0,0,0,0,0,0,0,0,0,0,0,0,0,0,2.38962246759534,0,0,0,0,0,0,0,0,0,0,0,0,0,0,0,0,0,0,0,0,0,0,0,0,0,0,0,0,0,0,0,0,0,0,0,0,0,0,0,0,0,0,0,0,0,0,0,0,0,0,0,0,0,0,0,0,0,0,0,0,0,0,0,0,0,0,0,0,0,0,0,0,0,0,0,0,0,0,0,0,0,0,0,0,0,0,0,0,0,0,0,0,0,0,0,0,0,0,0,0,0,0,0,0,0,1.92107491109594,0,0,0,0,0,0,0,0,0,0,0,0,0,0,0,0,0,0,0,0,0,0,0,0,1.9455686943597,0,0,0,0,0,0,0,0,2.41071174970153,0,0,0,0,0,0,0,0,0,0,0,0,0,0,0,0,0,0,0,0,0,0,0,0,0,0,0,1.42419395918121,0,0
"YPL105C","SYH1",0,0,0,0,0,0,0,0,0,0,0,0,0,0,0,1.95781094446199,0,0,0,0,0,0,0,0,0,0,0,0,0,0,0,0,0,0,0,0,0,0,0,0,0,0,0,0,0,0,0,0,0,0,0,0,0,0,0,0,0,0,0,0,0,0,0,0,0,0,0,0,0,0,0,0,0,0,0,0,0,0,0,0,0,0,0,0,0,0,0,0,0,0,0,0,0,0,0,0,0,0,0,0,0,0,0,0,0,0,0,0,0,0,0,0,0,0,0,0,0,0,0,0,0,2.97864668536352,0,0,0,0,0,0,0,0,0,0,0,0,0,0,0,0,0,0,0,0,0,0,0,0,1.99392959728925,0,0,0,0,0,0,0,0,3.38345484332909,0,0,0,0,0,0,0,0,0,0,0,0,0,0,0,0,0,0,0,0,0,0,0,0,0,0,0,0,0,0
"YDR381W","YRA1",0,0,0,0,0,0,0,0,0,0,0,0,0,0,0,0,0,0,0,0,0,0,0,0,0,0,0,0,0,0,0,0,0,0,0,0,0,0,0,0,0,0,0,0,0,0,0,0,0,0,0,0,0,0,0,0,0,0,0,0,0,0,0,0,0,0,0,0,0,0,0,0,0,0,0,0,0,0,0,0,0,0,0,0,0,0,0,0,0,0,0,0,0,0,0,0,0,0,0,0,0,0,0,0,0,0,0,0,0,0,0,0,0,0,0,0,0,0,0,0,0,3.86532913416554,0,0,0,0,0,0,0,0,0,0,0,0,0,0,0,0,0,0,0,0,0,0,0,0,0,0,0,0,0,0,0,0,0,4.67004678043387,0,0,0,0,0,0,0,0,0,0,0,0,0,0,0,0,0,0,0,0,0,0,0,0,0,0,0,0,0,0
"YHR064C","SSZ1",0,0,0,0,0,0,0,0,0,0,0,0,0,0,0,0,0,0,0,0,0,0,0,0,0,0,0,0,0,0,0,0,0,0,0,0,0,0,0,0,0,0,0,0,0,0,0,0,0,0,0,0,0,0,0,0,0,0,0,0,0,0,0,0,0,0,0,0,0,0,0,0,0,0,0,0,0,0,0,0,0,0,0,0,0,0,0,0,0,0,0,0,0,0,0,1.54413002639304,0,0,0,0,0,0,0,0,0,0,0,0,0,0,0,0,0,0,0,0,0,0,0,0,0,2.81441988845258,0,0,0,0,0,0,0,0,0,0,0,0,0,0,0,0,0,0,0,0,0,0,0,0,0,0,0,0,0,0,0,0,0,2.51675534784794,0,0,0,0,1.69219361389695,0,0,0,0,0,0,0,0,0,0,0,0,0,0,0,0,0,0,0,0,0,0,0,0,0
"YGR285C","ZUO1",0,0,0,0,0,0,0,0,0,0,0,0,0,0,0,1.90512592050706,0,0,0,0,0,0,0,0,0,0,0,0,0,0,0,0,0,0,0,0,0,0,0,0,0,0,0,0,0,0,0,0,0,0,0,0,0,0,0,0,0,0,0,0,0,0,0,0,0,0,0,0,0,0,0,0,0,0,0,0,0,0,0,0,0,0,0,0,0,0,0,0,0,0,0,0,0,0,0,1.59899396636949,0,0,0,0,0,0,0,0,0,0,0,0,0,0,0,0,0,0,0,0,0,0,0,0,0,3.09093007848835,0,0,0,0,0,0,0,0,0,0,0,0,0,0,0,0,0,0,0,0,0,0,0,0,0,0,0,0,0,0,0,0,0,2.99165096051337,0,0,0,0,1.71383499727085,0,0,0,0,0,0,0,0,0,0,0,0,0,0,0,0,0,0,0,0,0,0,0,0,0
"YDR120C","TRM1",0,0,0,0,0,0,0,0,0,0,0,0,0,0,0,0,0,0,0,0,0,0,0,0,0,0,0,0,0,0,0,0,0,0,0,0,0,0,0,0,0,0,0,0,0,0,0,0,0,0,0,0,0,0,0,0,0,0,0,0,0,0,0,0,0,0,0,0,0,0,0,0,0,0,0,0,0,0,0,0,0,0,0,0,0,0,0,0,0,0,2.73916188157097,1.85048817106803,0,0,0,0,0,0,0,0,0,0,0,0,0,0,0,0,0,0,0,0,0,0,0,0,0,0,0,0,0,3.15249577596053,0,0,0,0,0,0,0,0,0,0,0,0,0,0,0,0,0,0,0,0,0,0,0,0,0,0,0,0,0,0,0,0,0,3.35553025353416,0,0,0,0,0,0,0,0,0,0,0,0,0,0,0,0,0,0,0,0,0,0,0,0,0,0,0,0,0,0
"YOL006C","TOP1",0,0,0,0,0,0,0,0,0,0,0,0,0,0,0,0,0,0,0,0,0,0,0,0,0,0,0,0,0,0,0,0,0,0,0,0,0,0,0,0,0,0,0,0,0,0,0,0,0,0,0,0,0,0,0,0,0,0,0,0,0,0,0,0,0,0,0,0,0,0,0,0,0,0,0,0,0,0,0,0,0,0,0,0,0,0,0,0,0,0,2.22771831461593,0,0,0,0,0,2.62692551255671,0,0,0,0,0,0,0,0,0,0,0,0,0,0,0,0,0,0,0,0,0,0,0,0,3.47850764502052,0,0,0,0,0,0,0,0,0,0,0,0,0,0,0,0,0,0,0,0,0,0,0,0,0,0,0,0,0,0,0,0,0,2.91912000631633,0,0,0,0,0,0,0,0,0,0,0,0,0,0,0,0,0,0,0,0,0,0,0,0,0,0,0,0,0,0
"YBR288C","APM3",0,0,0,0,0,0,0,0,0,0,0,0,0,0,0,0,0,0,0,0,0,0,0,0,0,0,0,0,0,0,0,0,0,0,0,0,0,0,0,0,0,0,0,0,0,0,0,0,0,0,0,0,0,0,0,0,0,0,0,0,0,0,0,0,0,0,0,0,0,0,0,0,0,0,0,0,0,0,0,0,0,0,0,0,0,0,0,0,1.99661060403633,0,0,1.55521046048693,0,0,0,0,0,0,0,0,0,0,0,0,0,0,0,0,0,0,0,0,0,0,0,0,0,0,0,0,0,2.3628150450129,0,0,0,0,0,0,0,0,0,0,0,0,0,0,0,0,0,0,0,0,0,0,0,0,1.66511107415082,0,0,0,0,0,0,0,0,1.87762708113834,0,0,0,0,0,0,0,0,0,0,0,0,0,0,0,0,0,0,0,0,0,0,0,0,0,0,0,0,0,0
"YLR276C","DBP9",0,0,0,0,0,0,0,0,0,0,0,0,0,0,0,0,0,0,0,0,0,0,0,0,0,0,0,0,0,0,0,0,0,0,0,0,0,0,0,0,0,0,0,0,0,0,0,0,0,0,0,0,0,0,0,0,0,0,0,0,0,0,0,0,0,0,0,0,0,0,0,0,0,0,0,0,0,0,0,0,0,0,0,0,0,0,0,0,0,0,0,0,0,0,0,0,0,0,0,0,0,0,0,0,0,0,0,0,0,0,0,0,0,0,0,0,0,0,0,0,0,2.26321720809673,0,0,0,0,0,0,0,0,0,0,0,0,0,0,0,0,0,0,0,0,0,0,0,0,0,0,0,0,0,0,0,0,0,2.11616801778816,0,0,0,0,0,0,0,0,0,0,0,0,0,0,0,0,0,0,0,0,0,0,0,0,0,0,0,0,0,0
"YLR367W;YJL190C","RPS22B;RPS22A",0,0,0,0,0,0,0,0,0,0,0,0,0,0,0,0,0,0,0,0,0,0,0,0,0,0,0,0,0,0,0,0,0,0,0,0,0,0,0,0,0,0,0,0,0,0,0,0,0,0,0,0,0,0,0,0,0,0,0,0,0,0,0,0,0,0,0,0,0,0,0,0,0,0,0,0,0,0,0,0,0,0,0,0,0,0,0,0,0,0,0,0,0,0,0,0,0,0,0,0,0,0,0,0,0,0,0,0,0,0,0,0,0,0,0,0,0,0,0,0,0,2.13268105554753,0,0,0,0,0,0,0,0,0,0,0,0,0,0,0,0,0,0,0,0,0,0,0,0,0,0,0,0,0,0,0,0,0,0,0,0,0,0,0,0,0,0,0,0,0,0,0,0,0,0,0,0,0,0,0,0,0,0,0,0,0,0,0,0
"YLR003C","CMS1",0,0,0,0,0,0,0,0,0,0,0,0,0,0,0,0,0,0,0,0,0,0,0,0,0,0,0,0,0,0,0,0,0,0,0,0,0,0,0,0,0,0,0,0,0,0,0,0,0,0,0,0,0,0,0,0,0,0,0,0,0,0,0,0,0,0,0,0,0,0,0,0,0,0,0,0,0,0,0,0,0,0,0,0,0,0,0,0,0,0,0,0,0,0,0,0,0,0,0,0,0,0,0,0,0,0,0,0,0,0,0,0,0,0,0,0,0,0,0,0,0,2.44761391286087,0,0,0,0,0,0,0,0,0,0,0,0,0,0,0,0,0,0,0,0,0,0,0,0,0,0,0,0,0,0,0,0,0,0,0,0,0,0,0,0,0,0,0,0,0,0,0,0,0,0,0,0,0,0,0,0,0,0,0,0,0,0,0,0
"YLR336C","SGD1",0,0,0,0,0,0,0,0,0,0,0,0,0,0,0,0,0,0,0,0,0,0,0,0,0,0,0,0,0,0,0,0,0,0,0,0,0,0,0,0,0,0,0,0,0,0,0,0,0,0,0,0,0,0,0,0,0,0,0,0,0,0,0,0,0,0,0,0,0,0,0,0,0,0,0,0,0,0,0,0,0,0,0,0,0,0,0,0,0,0,0,0,0,0,0,0,0,0,0,0,0,0,0,0,0,0,0,0,0,0,0,0,0,0,0,0,0,0,0,0,0,1.53872209775643,0,0,0,0,0,0,0,0,0,0,0,0,0,0,0,0,0,0,0,0,0,0,0,0,0,0,0,0,0,0,0,0,0,0,0,0,0,0,0,0,0,0,0,0,0,0,0,0,0,0,0,0,0,0,0,0,0,0,0,0,0,0,0,0
"YNL062C","GCD10",0,0,0,0,0,0,0,0,0,0,0,0,0,0,0,0,0,0,0,0,0,0,0,0,0,0,0,0,0,0,0,0,0,0,0,0,0,0,0,0,0,0,0,0,0,0,0,0,0,0,0,0,0,0,0,0,0,0,0,0,0,0,0,0,0,0,0,0,0,0,0,0,0,0,0,0,0,0,0,0,0,0,0,0,0,0,0,0,0,0,0,0,0,0,0,0,0,0,0,0,0,0,0,0,0,0,0,0,0,0,0,0,0,0,0,0,0,0,0,0,0,1.65379624996995,0,0,0,0,0,0,0,0,0,0,0,0,0,0,0,0,0,0,0,0,0,0,0,0,0,0,0,0,0,0,0,0,0,0,0,0,0,0,0,0,0,0,0,0,0,0,0,0,0,0,0,0,0,0,0,0,0,0,0,0,0,0,0,0
"YKR062W","TFA2",0,0,0,0,0,0,0,0,0,0,0,0,0,0,0,0,0,0,0,0,0,0,0,0,0,0,0,0,0,0,0,0,0,0,0,0,0,0,0,0,0,0,0,0,0,0,0,0,0,0,0,0,0,0,0,0,0,0,0,0,0,0,0,0,0,0,0,0,0,0,0,0,0,0,0,0,0,0,0,0,0,0,0,0,0,0,0,0,0,0,0,0,0,0,0,0,0,0,0,0,0,0,0,0,0,0,0,0,0,0,0,0,0,0,0,0,0,0,0,0,0,1.92488519103003,0,0,0,0,0,0,0,0,0,0,0,0,0,0,0,0,0,0,0,0,0,0,0,0,0,0,0,0,0,0,0,0,0,0,0,0,0,0,0,0,0,0,0,0,0,0,0,0,0,0,0,0,0,0,0,0,0,0,0,0,0,0,0,0
"YER082C","UTP7",0,0,0,0,0,0,0,0,0,0,0,0,0,0,0,0,0,0,0,0,0,0,0,0,0,0,0,0,0,0,0,0,0,0,0,0,0,0,0,0,0,0,0,0,0,0,0,0,0,0,0,0,0,0,0,0,0,0,0,0,0,0,0,0,0,0,0,0,0,0,0,0,0,0,0,0,0,0,0,0,0,0,0,0,0,0,0,0,0,0,0,0,0,0,0,0,0,0,0,0,0,0,0,0,0,0,0,0,0,0,0,0,0,0,0,0,0,0,0,0,0,1.93421143451262,0,0,0,0,0,0,0,0,0,0,0,0,0,0,0,0,0,0,0,0,0,0,0,0,0,0,0,0,0,0,0,0,0,0,0,0,0,0,0,0,0,0,0,0,0,0,0,0,0,0,0,0,0,0,0,0,0,0,0,0,0,0,0,0
"YDR361C","BCP1",0,0,0,0,0,0,0,0,0,0,0,0,0,0,0,0,0,0,0,0,0,0,0,0,0,0,0,0,0,0,0,0,0,0,0,0,0,0,0,0,0,0,0,0,0,0,0,0,0,0,0,0,0,0,0,0,0,0,0,0,0,0,0,0,0,0,0,0,0,0,0,0,0,0,0,0,0,0,0,0,0,0,0,0,0,0,0,0,0,0,0,0,0,0,0,0,0,0,0,0,0,0,0,0,0,0,0,0,0,0,0,0,0,0,0,0,0,0,0,0,0,1.74832781634226,0,0,0,0,0,0,0,0,0,0,0,0,0,0,0,0,0,0,0,0,0,0,0,0,0,0,0,0,0,0,0,0,0,0,0,0,0,0,0,0,0,0,0,0,0,0,0,0,0,0,0,0,0,0,0,0,0,0,0,0,0,0,0,0
"YHR065C","RRP3",0,0,0,0,0,0,0,0,0,0,0,0,0,0,0,0,0,0,0,0,0,0,0,0,0,0,0,0,0,0,0,0,0,0,0,0,0,0,0,0,0,0,0,0,0,0,0,0,0,0,0,0,0,0,0,0,0,0,0,0,0,0,0,0,0,0,0,0,0,0,0,0,0,0,0,0,0,0,0,0,0,0,0,0,0,0,0,0,0,0,0,0,0,0,0,0,0,0,0,0,0,0,0,0,0,0,0,0,0,0,0,0,0,0,0,0,0,0,0,0,0,1.81391701267037,0,0,0,0,0,0,0,0,0,0,0,0,0,0,0,0,0,0,0,0,0,0,0,0,0,0,0,0,0,0,0,0,0,0,0,0,0,0,0,0,0,0,0,0,0,0,0,0,0,0,0,0,0,0,0,0,0,0,0,0,0,0,0,0
"YDL148C","NOP14",0,0,0,0,0,0,0,0,0,0,0,0,0,0,0,0,0,0,0,0,0,0,0,0,0,0,0,0,0,0,0,0,0,0,0,0,0,0,0,0,0,0,0,0,0,0,0,0,0,0,0,0,0,0,0,0,0,0,0,0,0,0,0,0,0,0,0,0,0,0,0,0,0,0,0,0,0,0,0,0,0,0,0,0,0,0,0,0,0,0,0,0,0,0,0,0,0,0,0,0,0,0,0,0,0,0,0,0,0,0,0,0,0,0,0,0,0,0,0,0,0,1.84090249986313,0,0,0,0,0,0,0,0,0,0,0,0,0,0,0,0,0,0,0,0,0,0,0,0,0,0,0,0,0,0,0,0,0,0,0,0,0,0,0,0,0,0,0,0,0,0,0,0,0,0,0,0,0,0,0,0,0,0,0,0,0,0,0,0
"YAL011W","SWC3",0,0,0,0,0,0,0,0,0,0,0,0,0,0,0,0,0,0,0,0,0,0,0,0,0,0,0,0,0,0,0,0,0,0,0,0,0,0,0,0,0,0,0,0,0,0,0,0,0,0,0,0,0,0,0,0,0,0,0,0,0,0,0,0,0,0,0,0,0,0,0,0,0,0,0,0,0,0,0,0,0,0,0,0,0,0,0,0,2.47518832254072,0,0,0,0,0,0,0,0,0,0,0,0,0,0,0,0,0,0,0,0,0,0,0,0,0,0,0,0,0,0,0,0,0,0,0,0,0,0,0,0,0,0,0,0,0,0,0,0,0,0,0,0,0,0,0,0,0,0,0,0,0,0,0,0,0,0,3.24661280298448,0,0,0,0,0,0,0,0,0,0,0,0,0,0,0,0,0,0,0,0,0,0,0,0,0,0,0,0,0,1.91499850874369
"YDR037W","KRS1",0,0,0,0,0,0,0,0,0,0,0,0,0,0,0,0,0,0,0,0,0,0,0,0,0,0,0,0,0,0,0,0,0,0,0,0,0,0,0,0,0,0,0,0,0,0,0,0,0,0,0,0,0,0,0,0,0,0,0,0,0,0,0,0,0,0,0,0,0,0,0,0,0,0,0,0,0,0,0,0,0,0,0,0,0,0,0,0,0,0,0,0,0,0,0,0,0,0,0,0,0,0,0,0,0,0,0,0,0,0,0,0,0,0,0,0,0,0,0,0,0,0,0,0,0,0,0,0,0,0,0,0,0,0,0,0,0,0,0,0,0,0,0,0,0,0,0,0,0,0,0,0,0,0,0,2.23532789075085,0,0,0,0,1.59705990194489,0,0,0,0,0,0,0,0,0,0,0,0,0,0,0,0,0,0,0,0,0,0,0,0,0
"YGR094W","VAS1",0,0,0,0,0,0,0,0,0,0,0,0,0,0,0,0,0,0,0,0,0,0,0,0,0,0,0,0,0,0,0,0,0,0,0,0,0,0,0,0,0,0,0,0,0,0,0,0,0,0,0,0,0,0,0,0,0,0,0,0,0,0,0,0,0,0,0,0,0,0,0,0,0,0,0,0,0,0,0,0,0,0,0,0,0,0,0,0,0,0,0,0,0,0,0,0,0,0,0,0,0,0,0,0,0,0,0,0,0,0,0,0,0,0,0,0,0,0,0,0,0,0,0,0,0,0,0,0,0,0,0,0,0,0,0,0,0,0,0,0,0,0,0,0,0,0,0,0,0,0,2.12497226766346,0,0,0,0,2.4290760353358,0,0,0,0,1.95572052585341,0,0,0,0,0,0,0,0,0,0,0,0,0,0,0,0,0,0,0,0,0,0,0,0,0
"YCL036W","GFD2",0,0,0,0,0,0,0,0,0,0,0,0,0,0,0,0,0,0,0,0,0,0,0,0,0,0,0,0,0,0,0,0,0,0,0,0,0,0,0,0,0,0,0,0,0,0,0,0,0,0,0,0,0,0,0,0,0,0,0,0,0,0,0,0,0,0,0,0,0,0,0,0,0,0,0,0,0,0,0,0,0,0,0,0,0,0,0,0,0,0,0,0,0,0,0,0,0,0,0,0,0,0,0,0,0,0,0,0,0,0,0,0,0,0,0,0,0,0,0,0,0,0,0,0,0,0,0,0,0,0,0,0,0,0,0,0,0,0,0,0,0,0,0,1.65744979704388,0,0,0,0,0,0,0,0,0,0,0,2.35506685382118,0,0,0,0,0,0,0,2.21466520928041,0,0,0,0,0,0,0,0,0,0,0,0,0,0,0,0,0,0,0,0,0,0
"YDL031W","DBP10",0,0,0,0,0,0,0,0,0,0,0,0,0,0,0,0,0,0,0,0,0,0,0,0,0,0,0,0,0,0,0,0,0,0,0,0,0,0,0,0,0,0,0,0,0,0,0,0,0,0,0,0,0,0,0,0,0,0,0,0,0,0,0,0,0,0,0,0,0,0,0,0,0,0,0,0,0,0,0,0,0,0,0,0,0,0,0,0,0,0,0,0,0,0,0,0,0,0,0,0,0,0,0,0,0,0,0,0,0,0,0,0,0,0,0,0,0,0,0,0,0,0,0,0,0,0,0,0,0,0,0,0,0,0,0,0,0,0,0,0,0,0,0,0,0,0,1.81708232094758,0,0,0,0,0,0,0,0,2.02266814903957,0,1.44888831806373,0,0,0,0,0,0,0,0,0,0,0,0,0,0,0,0,0,0,0,0,0,0,0,0,0,0,0,0
"YMR239C","RNT1",0,0,0,0,0,0,0,0,0,0,0,0,0,0,0,0,0,0,0,0,0,0,0,0,0,0,0,0,0,0,0,0,0,0,0,0,0,0,0,0,0,0,0,0,0,0,0,0,0,0,0,0,0,0,0,0,0,0,0,0,0,0,0,0,0,0,0,0,0,0,0,0,0,0,0,0,0,0,0,0,0,0,0,0,0,0,0,0,0,0,0,0,0,0,0,0,0,0,0,0,0,0,0,0,0,0,0,0,0,0,0,0,0,0,0,0,0,0,0,0,0,0,0,0,0,0,0,0,0,0,0,0,0,0,0,0,0,0,0,0,0,0,0,0,0,0,0,0,0,0,0,0,0,0,0,2.32829020981448,1.74700900536578,2.14599511782134,0,0,0,0,0,0,0,0,0,0,0,0,0,0,0,0,0,0,0,0,0,0,0,0,0,0,0,0
"YDR115W","YDR115W",0,0,0,0,0,0,0,0,0,0,0,0,0,0,0,0,0,0,0,0,0,0,0,0,0,0,0,0,0,0,0,0,0,0,0,0,0,0,0,0,0,0,0,0,0,0,0,0,0,0,0,0,0,0,0,0,0,0,0,0,0,0,0,0,0,0,0,0,0,0,0,0,0,0,0,0,0,0,0,0,0,0,0,0,0,0,0,0,0,1.6690304230128,0,0,0,0,0,0,0,0,0,0,0,0,0,0,0,0,0,0,0,0,0,0,0,0,0,0,0,0,0,0,0,0,0,0,0,0,0,0,0,0,0,0,0,0,0,0,0,0,0,0,0,0,0,0,0,0,0,0,0,0,0,0,0,0,0,2.13508700990072,0,1.93534437924593,0,0,0,0,0,0,0,0,0,0,0,0,0,0,0,0,0,0,0,0,0,0,0,0,0,0,0,0
"YKL122C","SRP21",0,0,0,0,0,0,0,0,0,0,0,0,0,0,0,0,0,0,0,0,0,0,0,0,0,0,0,0,0,0,0,0,0,0,0,0,0,0,0,0,0,0,0,0,0,0,0,0,0,0,0,0,0,0,0,0,0,0,0,0,0,0,0,0,0,0,0,0,0,0,0,0,0,0,0,0,0,0,0,0,0,0,0,0,0,0,0,0,0,0,0,0,0,0,0,0,0,0,0,0,0,0,0,0,0,0,0,0,0,0,0,0,0,0,0,0,0,0,0,0,0,0,0,0,0,0,0,0,0,0,0,0,0,0,0,0,0,0,0,0,0,0,0,0,0,0,0,0,0,0,0,0,0,0,0,2.02771603950397,0,2.29140665358458,0,0,0,0,0,0,0,0,0,0,0,0,0,0,0,0,0,0,0,0,0,0,0,0,0,0,0,0
"YKL082C","RRP14",0,0,0,0,0,0,0,0,0,0,0,0,0,0,0,0,0,0,0,0,0,0,0,0,0,0,0,0,0,0,0,0,0,0,0,0,0,0,0,0,0,0,0,0,0,0,0,0,0,0,0,0,0,0,0,0,0,0,0,0,0,0,0,0,0,0,0,0,0,0,0,0,0,0,0,0,0,0,0,0,0,0,0,0,0,0,0,0,1.53498110793468,0,0,0,0,0,0,0,0,0,0,0,0,0,0,0,0,0,0,0,0,0,0,0,0,0,0,0,0,0,0,0,0,0,0,0,0,0,0,0,0,0,0,0,0,0,0,0,0,0,0,0,0,0,0,0,0,0,0,0,0,0,0,0,0,0,0,1.98686399351318,0,1.54852689248254,0,0,0,0,0,0,0,0,0,0,0,0,0,0,0,0,0,0,0,0,0,0,0,0,0,0,0,0
"YGR072W","UPF3",0,0,0,0,0,0,0,0,0,0,0,0,0,0,0,0,0,0,0,0,0,0,0,0,0,0,0,0,0,0,0,0,0,0,0,0,0,0,0,0,0,0,0,0,0,0,0,0,0,0,0,0,0,0,0,0,0,0,0,0,0,0,0,0,0,0,0,0,0,0,0,0,0,0,0,0,0,0,0,0,0,0,0,0,0,1.61415563756667,0,0,0,0,0,0,0,0,0,0,0,0,0,0,0,0,0,0,0,0,0,0,0,0,0,0,0,0,0,0,0,0,0,0,0,0,0,0,0,0,0,0,0,0,0,0,0,0,0,0,0,0,0,0,0,0,0,0,0,0,0,0,0,0,0,0,0,0,0,2.23707688343458,0,0,0,0,0,0,0,0,0,0,0,0,0,0,0,0,0,0,0,0,0,0,0,0,0,0,0,0,0,0
"YNL050C","YNL050C",0,0,0,0,0,0,0,0,0,0,0,0,0,0,0,0,0,0,0,0,0,0,0,0,0,0,0,0,0,0,0,0,0,0,0,0,0,0,0,0,0,0,0,0,0,0,0,0,0,0,0,0,0,0,0,0,0,0,0,0,0,0,0,0,0,0,0,0,0,0,0,0,0,0,0,0,0,0,0,0,0,0,0,0,0,1.73497139597184,0,0,0,0,0,0,0,0,0,0,0,0,0,0,0,0,0,0,0,0,0,0,0,0,0,0,0,0,0,0,0,0,0,0,0,0,0,0,0,0,0,0,0,0,0,0,0,0,0,0,0,0,0,0,0,0,0,0,0,0,1.47805867160522,0,0,0,0,0,0,0,0,1.99851311735521,0,1.48807704869224,0,0,0,0,0,0,0,0,0,0,0,0,0,0,0,0,0,0,0,0,0,0,0,0,0,0,0,0
"YDL208W","NHP2",0,0,0,0,0,0,0,0,0,0,0,0,0,0,0,0,0,0,0,0,0,0,0,0,0,0,0,0,0,0,0,0,0,0,0,0,0,0,0,0,0,0,0,0,0,0,0,0,0,0,0,0,0,0,0,0,0,0,0,0,0,0,0,0,0,0,0,0,0,0,0,0,0,0,0,0,0,0,0,0,0,0,0,0,0,1.51546564899029,0,0,0,0,0,0,0,0,0,0,0,0,0,0,0,0,0,0,0,0,0,0,0,0,0,0,0,0,0,0,0,0,0,0,0,0,0,0,0,0,0,0,0,0,0,0,0,0,0,0,0,0,0,0,0,0,0,0,0,0,0,0,0,0,0,0,0,0,0,1.9423229457491,0,1.49973912996183,0,0,0,0,0,0,0,0,0,0,0,0,0,0,0,0,0,0,0,0,0,0,0,0,0,0,0,0
"YHR072W-A","NOP10",0,0,0,0,0,0,0,0,0,0,0,0,0,0,0,0,0,0,0,0,0,0,0,0,0,0,0,0,0,0,0,0,0,0,0,0,0,0,0,0,0,0,0,0,0,0,0,0,0,0,0,0,0,0,0,0,0,0,0,0,0,0,0,0,0,0,0,0,0,0,0,0,0,0,0,0,0,0,0,0,0,0,0,0,0,1.5503121866902,0,0,0,0,0,0,0,0,0,0,0,0,0,0,0,0,0,0,0,0,0,0,0,0,0,0,0,0,0,0,0,0,0,0,0,0,0,0,0,0,0,0,0,0,0,0,0,0,0,0,0,0,0,0,0,0,0,0,0,0,0,0,0,0,0,0,0,0,0,1.87185735898623,0,1.5415951640727,0,0,0,0,0,0,0,0,0,0,0,0,0,0,0,0,0,0,0,0,0,0,0,0,0,0,0,0
"YOL077C","BRX1",0,0,0,0,0,0,0,0,0,0,0,0,0,0,0,0,0,0,0,0,0,0,0,0,0,0,0,0,0,0,0,0,0,0,0,0,0,0,0,0,0,0,0,0,0,0,0,0,0,0,0,0,0,0,0,0,0,0,0,0,0,0,0,0,0,0,0,0,0,0,0,0,0,0,0,0,0,0,0,0,0,0,0,0,0,0,0,0,0,0,0,1.6570408589742,0,0,0,0,0,0,0,0,0,0,0,0,0,0,0,0,0,0,0,0,0,0,0,0,0,0,0,0,0,0,0,0,0,0,0,0,0,0,0,0,0,0,0,0,0,0,0,0,0,0,0,0,0,0,0,0,0,0,0,0,0,0,0,1.79425758863282,0,0,0,0,0,0,0,0,0,0,0,0,0,0,0,0,0,0,0,0,0,0,0,0,0,0,0,0,0,0
"YKL023W","YKL023W",0,0,0,0,0,0,0,0,0,0,0,0,0,0,0,0,0,0,0,0,0,0,0,0,0,0,0,0,0,0,0,0,0,0,0,0,0,0,0,0,0,0,0,0,0,0,0,0,0,0,0,0,0,0,0,0,0,0,0,0,0,0,0,0,0,0,0,0,0,0,0,0,0,0,0,0,0,0,0,0,0,0,0,0,0,0,0,0,0,0,0,0,0,0,0,0,0,0,0,0,0,0,0,0,0,0,0,0,0,0,0,0,0,0,0,0,0,0,0,0,0,0,0,0,0,0,0,0,0,0,0,0,0,0,0,0,0,0,0,0,0,0,0,0,0,0,0,0,0,0,0,0,0,0,0,2.27232046062001,0,0,0,0,0,0,0,0,0,0,0,0,0,0,0,0,0,0,0,0,0,0,0,0,0,0,0,0,0,0
"YDR337W","MRPS28",0,0,0,0,0,0,0,0,0,0,0,0,0,0,0,0,0,0,0,0,0,0,0,0,0,0,0,0,0,0,0,0,0,0,0,0,0,0,0,0,0,0,0,0,0,0,0,0,0,0,0,0,0,0,0,0,0,0,0,0,0,0,0,0,0,0,0,0,0,0,0,0,0,0,0,0,0,0,0,0,0,0,0,0,0,0,0,0,0,0,0,0,0,0,0,0,0,0,0,0,0,0,0,0,0,0,0,0,0,0,0,0,0,0,0,0,0,0,0,0,0,0,0,0,0,0,0,0,0,0,0,0,0,0,0,0,0,0,0,0,0,0,0,0,0,0,0,0,0,0,0,0,0,0,0,2.28846825420944,0,0,0,0,0,0,0,0,0,0,0,0,0,0,0,0,0,0,0,0,0,0,0,0,0,0,0,0,0,0
"YLR448W","RPL6B",0,0,0,0,0,0,0,0,0,0,0,0,0,0,0,0,0,0,0,0,0,0,0,0,0,0,0,0,0,0,0,0,0,0,0,0,0,0,0,0,0,0,0,0,0,0,0,0,0,0,0,0,0,0,0,0,0,0,0,0,0,0,0,0,0,0,0,0,0,0,0,0,0,0,0,0,0,0,0,0,0,0,0,0,0,0,0,0,0,0,0,0,0,0,0,0,0,0,0,0,0,0,0,0,0,0,0,0,0,0,0,0,0,0,0,0,0,0,0,0,0,0,0,0,0,0,0,0,0,0,0,0,0,0,0,0,0,0,0,0,0,0,0,0,0,0,0,0,0,0,0,0,0,0,0,1.94092493302279,0,0,0,0,0,0,0,0,0,0,0,0,0,0,0,0,0,0,0,0,0,0,0,0,0,0,0,0,0,0
"YBR189W","RPS9B",0,0,0,0,0,0,0,0,0,0,0,0,0,0,0,0,0,0,0,0,0,0,0,0,0,0,0,0,0,0,0,0,0,0,0,0,0,0,0,0,0,0,0,0,0,0,0,0,0,0,0,0,0,0,0,0,0,0,0,0,0,0,0,0,0,0,0,0,0,0,0,0,0,0,0,0,0,0,0,0,0,0,0,0,0,0,0,0,0,0,0,0,0,0,0,0,0,0,0,0,0,0,0,0,0,0,0,0,0,0,0,0,0,0,0,0,0,0,0,0,0,0,0,0,0,0,0,0,0,0,0,0,0,0,0,0,0,0,0,0,0,0,0,0,0,0,0,0,0,0,0,0,0,0,0,1.98731815937125,0,0,0,0,0,0,0,0,0,0,0,0,0,0,0,0,0,0,0,0,0,0,0,0,0,0,0,0,0,0
"YDR225W;YBL003C","HTA1;HTA2",0,0,0,0,0,0,0,0,0,0,0,0,0,0,0,0,0,0,0,0,0,0,0,0,0,0,0,0,0,0,0,0,0,0,0,0,0,0,0,0,0,0,0,0,0,0,0,0,0,0,0,0,0,0,0,0,0,0,0,0,0,0,0,0,0,0,0,0,0,0,0,0,0,0,0,0,0,0,0,0,0,0,0,0,0,0,0,0,0,0,0,0,0,0,0,0,0,0,0,0,0,0,0,0,0,0,0,0,0,0,0,0,0,0,0,0,0,0,0,0,0,0,0,0,0,0,0,0,0,0,0,0,0,0,0,0,0,0,0,0,0,0,0,0,0,0,0,0,0,0,0,0,0,0,0,2.08149283494496,0,0,0,0,0,0,0,0,0,0,0,0,0,0,0,0,0,0,0,0,0,0,0,0,0,0,0,0,0,0
"YAL003W","EFB1",0,0,0,0,0,0,0,0,0,0,0,0,0,0,0,0,0,0,0,0,0,0,0,0,0,0,0,0,0,0,0,0,0,0,0,0,0,0,0,0,0,0,0,0,0,0,0,0,0,0,0,0,0,0,0,0,0,0,0,0,0,0,0,0,0,0,0,0,0,0,0,0,0,0,0,0,0,0,0,0,0,0,0,0,0,0,0,0,0,0,0,0,0,0,0,0,0,0,0,0,0,0,0,0,0,0,0,0,0,0,0,0,0,0,0,0,0,0,0,0,0,0,0,0,0,0,0,0,0,0,0,0,0,0,0,0,0,0,0,0,0,0,0,0,0,0,0,0,0,0,0,0,0,0,0,2.09309006158676,0,0,0,0,0,0,0,0,0,0,0,0,0,0,0,0,0,0,0,0,0,0,0,0,0,0,0,0,0,0
"YBL038W","MRPL16",0,0,0,0,0,0,0,0,0,0,0,0,0,0,0,0,0,0,0,0,0,0,0,0,0,0,0,0,0,0,0,0,0,0,0,0,0,0,0,0,0,0,0,0,0,0,0,0,0,0,0,0,0,0,0,0,0,0,0,0,0,0,0,0,0,0,0,0,0,0,0,0,0,0,0,0,0,0,0,0,0,0,0,0,0,0,0,0,0,0,0,0,0,0,0,0,0,0,0,0,0,0,0,0,0,0,0,0,0,0,0,0,0,0,0,0,0,0,0,0,0,0,0,0,0,0,0,0,0,0,0,0,0,0,0,0,0,0,0,0,0,0,0,0,0,0,0,0,0,0,0,0,0,0,0,1.48673847979164,0,0,0,0,0,0,0,0,0,0,0,0,0,0,0,0,0,0,0,0,0,0,0,0,0,0,0,0,0,0
"YFR009W","GCN20",0,0,0,0,0,0,0,0,0,0,0,0,0,0,0,0,0,0,0,0,0,0,0,0,0,0,0,0,0,0,0,0,0,0,0,0,0,0,0,0,0,0,0,0,0,0,0,0,0,0,0,0,0,0,0,0,0,0,0,0,0,0,0,0,0,0,0,0,0,0,0,0,0,0,0,0,0,0,0,0,0,0,0,0,0,0,0,0,0,0,0,0,0,0,0,0,0,0,0,0,0,0,0,0,0,0,0,0,0,0,0,0,0,0,0,0,0,0,0,0,0,0,0,0,0,0,0,0,0,0,0,0,0,0,0,0,0,0,0,0,0,0,0,0,0,0,0,0,0,0,0,0,0,0,0,1.57865502109831,0,0,0,0,0,0,0,0,0,0,0,0,0,0,0,0,0,0,0,0,0,0,0,0,0,0,0,0,0,0
"YDR325W","YCG1",0,0,0,0,0,0,0,0,0,0,0,0,0,0,0,0,0,0,0,0,0,0,0,0,0,0,0,0,0,0,0,0,0,0,0,0,0,0,0,0,0,0,0,0,0,0,0,0,0,0,0,0,0,0,0,0,0,0,0,0,0,0,0,0,0,0,0,0,0,0,0,0,0,0,0,0,0,0,0,0,0,0,0,0,0,0,0,0,0,0,0,0,0,0,0,0,0,0,0,0,0,0,0,0,0,0,0,0,0,0,0,0,0,0,0,0,0,0,0,0,0,0,0,0,0,0,0,0,0,0,0,0,0,0,0,0,0,0,0,0,0,0,0,0,0,0,0,0,0,0,0,0,0,0,0,1.57934224638244,0,0,0,0,0,0,0,0,0,0,0,0,0,0,0,0,0,0,0,0,0,0,0,0,0,0,0,0,0,0
"YOR294W","RRS1",0,0,0,0,0,0,0,0,0,0,0,0,0,0,0,0,0,0,0,0,0,0,0,0,0,0,0,0,0,0,0,0,0,0,0,0,0,0,0,0,0,0,0,0,0,0,0,0,0,0,0,0,0,0,0,0,0,0,0,0,0,0,0,0,0,0,0,0,0,0,0,0,0,0,0,0,0,0,0,0,0,0,0,0,0,0,0,0,0,0,0,0,0,0,0,0,0,0,0,0,0,0,0,0,0,0,0,0,0,0,0,0,0,0,0,0,0,0,0,0,0,0,0,0,0,0,0,0,0,0,0,0,0,0,0,0,0,0,0,0,0,0,0,0,0,0,0,0,0,0,0,0,0,0,0,1.72101246954547,0,0,0,0,0,0,0,0,0,0,0,0,0,0,0,0,0,0,0,0,0,0,0,0,0,0,0,0,0,0
"YPR072W","NOT5",0,0,0,0,0,0,0,0,0,0,0,0,0,0,0,0,0,0,0,0,0,0,0,0,0,0,0,0,0,0,0,0,0,0,0,0,0,0,0,0,0,0,0,0,0,0,0,0,0,0,0,0,0,0,0,0,0,0,0,0,0,0,0,0,0,0,0,0,0,0,0,0,0,0,0,0,0,0,0,0,0,0,0,0,0,0,0,0,0,0,0,0,0,0,0,0,0,0,0,0,0,0,0,0,0,0,0,0,0,0,0,0,0,0,0,0,0,0,0,0,0,0,0,0,0,0,0,0,0,0,0,0,0,0,0,0,0,0,0,0,0,0,0,0,0,0,0,0,0,0,0,0,0,0,0,1.65853722762193,0,0,0,0,0,0,0,0,0,0,0,0,0,0,0,0,0,0,0,0,0,0,0,0,0,0,0,0,0,0
"YDL092W","SRP14",0,0,0,0,0,0,0,0,0,0,0,0,0,0,0,0,0,0,0,0,0,0,0,0,0,0,0,0,0,0,0,0,0,0,0,0,0,0,0,0,0,0,0,0,0,0,0,0,0,0,0,0,0,0,0,0,0,0,0,0,0,0,0,0,0,0,0,0,0,0,0,0,0,0,0,0,0,0,0,0,0,0,0,0,0,0,0,0,0,0,0,0,0,0,0,0,0,0,0,0,0,0,0,0,0,0,0,0,0,0,0,0,0,0,0,0,0,0,0,0,0,0,0,0,0,0,0,0,0,0,0,0,0,0,0,0,0,0,0,0,0,0,0,0,0,0,0,0,0,0,0,0,0,0,0,1.67354426291345,0,0,0,0,0,0,0,0,0,0,0,0,0,0,0,0,0,0,0,0,0,0,0,0,0,0,0,0,0,0
"YER033C","ZRG8",0,0,0,0,0,0,0,0,0,0,0,0,0,0,0,0,0,0,0,0,0,0,0,0,0,0,0,0,0,0,0,0,0,0,0,0,0,0,0,0,0,0,0,0,0,0,0,0,0,0,0,0,0,0,0,0,0,0,0,0,0,0,0,0,0,0,0,0,0,0,0,0,0,0,0,0,0,0,0,0,0,0,0,0,0,0,0,0,0,0,0,0,0,0,0,0,0,0,0,0,0,0,0,0,0,0,0,0,0,0,0,0,0,0,0,0,0,0,0,0,0,0,0,0,0,0,0,0,0,0,0,0,0,0,0,0,0,0,0,0,0,0,0,0,0,0,0,0,0,0,0,0,0,0,0,1.81796694348374,0,0,0,0,0,0,0,0,0,0,0,0,0,0,0,0,0,0,0,0,0,0,0,0,0,0,0,0,0,0
"YLR455W","PDP3",0,0,0,0,0,0,0,0,0,0,0,0,0,0,0,0,0,0,0,0,0,0,0,0,0,0,0,0,0,0,0,0,0,0,0,0,0,0,0,0,0,0,0,0,0,0,0,0,0,0,0,0,0,0,0,0,0,0,0,0,0,0,0,0,0,0,0,0,0,0,0,0,0,0,0,0,0,0,0,0,0,0,0,0,0,0,0,0,0,0,0,0,0,0,0,0,0,0,0,0,0,0,0,0,0,0,0,0,0,0,0,0,0,0,0,0,0,0,0,0,0,0,0,0,0,0,0,0,0,0,0,0,0,0,0,0,0,0,0,0,0,0,0,0,0,0,0,0,0,0,0,0,0,0,0,1.79170540945859,0,0,0,0,0,0,0,0,0,0,0,0,0,0,0,0,0,0,0,0,0,0,0,0,0,0,0,0,0,0
"YMR315W","YMR315W",0,0,0,0,0,0,0,0,0,0,0,0,0,0,0,0,0,0,0,0,0,0,0,0,0,0,0,0,0,0,0,0,0,0,0,0,0,0,0,0,0,0,0,0,0,0,0,0,0,0,0,0,0,0,0,0,0,0,0,0,0,0,0,0,0,0,0,0,0,0,0,0,0,0,0,0,0,0,0,0,0,0,0,0,0,0,0,0,0,0,0,0,0,0,0,0,0,0,0,0,0,0,0,0,0,0,0,0,0,0,0,0,0,0,0,0,0,0,0,0,0,0,0,0,0,0,0,0,0,0,0,0,0,0,0,0,0,0,0,0,0,0,0,0,0,0,0,0,0,0,0,0,0,0,0,1.80030246306085,0,0,0,0,0,0,0,0,0,0,0,0,0,0,0,0,0,0,0,0,0,0,0,0,0,0,0,0,0,0
"YER165W","PAB1",0,0,0,0,0,0,0,0,0,0,0,0,0,0,0,0,0,0,0,0,0,0,0,0,5.84224657479175,0,0,0,0,0,0,0,0,0,0,0,0,0,0,0,0,0,0,0,0,0,0,0,0,0,0,0,0,0,0,0,0,0,0,0,0,0,0,0,0,0,0,0,0,0,0,0,0,0,0,0,0,0,0,0,0,0,0,0,0,0,0,0,0,0,2.63017173565914,2.09864645150216,0,0,0,0,0,0,0,0,0,0,0,0,0,0,0,0,0,0,0,0,0,0,0,0,0,0,0,0,0,0,0,0,0,0,0,0,0,0,0,0,0,0,0,0,0,0,0,0,0,0,0,0,0,0,0,0,0,0,0,0,0,0,0,0,0,0,0,0,0,0,0,0,0,0,0,0,0,0,0,0,0,0,0,0,0,0,0,0,0,0,0,0,0,0
"YDL098C","SNU23",0,0,0,0,0,0,0,0,0,0,0,0,0,0,0,0,0,0,0,0,0,0,0,0,0,0,0,0,0,0,0,0,0,0,0,0,0,0,0,0,0,0,0,0,0,0,0,0,0,0,0,0,0,0,0,0,0,0,0,0,0,0,0,0,0,0,0,0,1.66645472467186,0,0,2.16079785663645,0,0,0,0,0,0,0,0,0,0,0,0,0,0,0,2.22138028122897,0,0,0,0,0,0,0,0,0,0,0,0,0,0,0,0,0,0,0,0,0,0,0,0,0,0,0,0,0,0,0,0,0,0,0,0,0,0,0,0,0,0,0,0,0,0,0,0,0,0,0,0,0,0,0,0,0,0,0,0,0,0,0,0,0,0,0,0,0,0,0,0,0,0,0,0,0,0,0,0,0,0,0,0,0,0,0,0,3.37611174841841,3.54286950450023,0,0,0,0,0,2.06969807756612,0,0
"YNR024W","MPP6",0,0,0,0,0,0,0,0,0,0,0,0,0,0,0,0,0,0,0,0,0,0,0,0,0,0,0,0,0,0,0,0,0,0,0,0,0,0,0,0,0,0,0,0,0,0,0,0,0,0,0,0,0,0,0,0,0,0,0,0,0,0,0,0,0,0,0,0,0,0,0,0,0,0,0,0,0,0,0,0,0,0,0,0,0,0,0,0,0,0,0,0,0,0,0,0,0,0,0,0,0,0,0,0,3.76472653363397,0,0,0,0,4.25990362903149,0,0,0,0,0,0,0,0,0,0,0,0,0,0,0,0,0,0,0,0,0,0,0,0,0,0,0,0,0,0,0,0,0,0,0,0,0,0,0,0,0,0,0,0,0,0,0,0,0,0,0,0,0,0,0,0,0,0,0,0,0,0,0,0,0,0,0,0,0,0,0,0,0,0,0,0
"YDR026C","NSI1",0,0,0,0,0,0,0,0,0,0,0,0,0,0,0,0,0,0,0,0,0,0,0,0,0,0,0,0,0,0,0,0,0,0,0,0,0,0,0,0,0,0,0,0,0,0,0,0,0,0,0,0,0,0,0,0,0,0,0,0,0,0,0,0,0,0,0,0,0,0,0,0,0,0,0,0,0,0,0,0,0,0,0,0,0,2.85221610963988,0,0,0,0,0,2.20279789697202,0,0,0,0,0,0,0,0,0,0,0,0,0,0,0,0,0,0,0,0,0,0,0,0,0,0,0,0,0,0,0,0,0,0,0,0,0,0,0,0,0,0,0,0,0,0,0,0,0,0,0,0,0,0,0,0,0,0,0,0,0,0,0,0,0,0,0,0,0,0,0,0,0,0,0,0,0,0,0,0,0,0,0,0,0,0,0,0,0,0,0,0,0,0
"YBR195C","MSI1",0,0,0,0,0,0,0,0,0,0,0,0,0,0,0,0,0,0,0,0,0,0,0,0,0,0,0,0,0,0,0,0,0,0,0,0,0,2.61526831772484,0,0,0,0,0,0,0,0,0,0,0,0,0,0,0,0,0,0,0,0,0,0,0,0,0,0,0,0,0,0,0,0,0,0,0,0,0,0,0,0,0,0,0,0,0,0,0,3.74892483833562,0,0,0,0,0,0,0,0,0,0,0,0,0,0,0,0,0,0,0,0,0,0,0,0,0,0,0,0,0,0,0,0,0,0,0,0,0,0,0,0,0,0,0,0,0,0,0,0,0,0,0,0,0,0,0,0,0,0,0,0,0,0,0,0,0,0,0,0,0,0,0,0,0,0,0,0,0,0,0,0,0,0,0,0,0,0,0,0,0,0,0,0,0,0,0,0,0,0,0,0
"YNL302C","RPS19B",0,0,0,0,0,0,0,0,0,0,0,0,0,0,0,0,0,0,0,0,0,0,0,0,2.55343188971911,0,0,0,0,0,0,0,0,0,0,0,0,0,0,0,0,0,0,0,0,0,0,0,0,0,0,0,0,0,0,0,0,0,0,0,0,0,0,0,0,0,0,0,0,0,0,0,0,0,0,0,0,0,0,0,0,0,0,0,0,0,0,0,0,0,0,0,0,0,0,0,0,0,0,0,0,0,0,0,0,0,0,0,0,0,0,0,0,0,0,0,0,0,0,0,0,0,0,0,0,0,0,0,0,0,0,0,0,0,0,0,0,0,0,0,0,0,0,0,0,0,0,0,0,0,0,0,0,0,0,0,0,0,0,0,0,0,0,0,0,0,0,0,0,0,0,0,0,0,0,0,0,0,0,0,0,0,0,0,0,0
"YKR057W;YJL136C","RPS21A;RPS21B",0,0,0,0,0,0,0,0,0,0,0,0,0,0,0,0,0,0,0,0,0,0,0,0,1.60895538805741,0,0,0,0,0,0,0,0,0,0,0,0,0,0,0,0,0,0,0,0,0,0,0,0,0,0,0,0,0,0,0,0,0,0,0,0,0,0,0,0,0,0,0,0,0,0,0,0,0,0,0,0,0,0,0,0,0,0,0,0,0,0,0,0,0,0,0,0,0,0,0,0,0,0,0,0,0,0,0,0,0,0,0,0,0,0,0,0,0,0,0,0,0,0,0,0,0,0,0,0,0,0,0,0,0,0,0,0,0,0,0,0,0,0,0,0,0,0,0,0,0,0,0,0,0,0,0,0,0,0,0,0,0,0,0,0,0,0,0,0,0,0,0,0,0,0,0,0,0,0,0,0,0,0,0,0,0,0,0,0,0
"YPL043W","NOP4",0,0,0,0,0,0,0,0,0,0,0,0,0,0,0,0,0,0,0,0,0,0,0,0,1.69262879358016,0,0,0,0,0,0,0,0,0,0,0,0,0,0,0,0,0,0,0,0,0,0,0,0,0,0,0,0,0,0,0,0,0,0,0,0,0,0,0,0,0,0,0,0,0,0,0,0,0,0,0,0,0,0,0,0,0,0,0,0,0,0,0,0,0,0,0,0,0,0,0,0,0,0,0,0,0,0,0,0,0,0,0,0,0,0,0,0,0,0,0,0,0,0,0,0,0,0,0,0,0,0,0,0,0,0,0,0,0,0,0,0,0,0,0,0,0,0,0,0,0,0,0,0,0,0,0,0,0,0,0,0,0,0,0,0,0,0,0,0,0,0,0,0,0,0,0,0,0,0,0,0,0,0,0,0,0,0,0,0,0
"YER176W","ECM32",0,0,0,0,0,0,0,0,0,0,0,0,0,0,0,0,0,0,0,0,0,0,0,0,1.76278996965394,0,0,0,0,0,0,0,0,0,0,0,0,0,0,0,0,0,0,0,0,0,0,0,0,0,0,0,0,0,0,0,0,0,0,0,0,0,0,0,0,0,0,0,0,0,0,0,0,0,0,0,0,0,0,0,0,0,0,0,0,0,0,0,0,0,0,0,0,0,0,0,0,0,0,0,0,0,0,0,0,0,0,0,0,0,0,0,0,0,0,0,0,0,0,0,0,0,0,0,0,0,0,0,0,0,0,0,0,0,0,0,0,0,0,0,0,0,0,0,0,0,0,0,0,0,0,0,0,0,0,0,0,0,0,0,0,0,0,0,0,0,0,0,0,0,0,0,0,0,0,0,0,0,0,0,0,0,0,0,0,0
"YOR369C","RPS12",0,0,0,0,0,0,0,0,0,0,0,0,0,0,0,0,0,0,0,0,0,0,0,0,1.93816599184718,0,0,0,0,0,0,0,0,0,0,0,0,0,0,0,0,0,0,0,0,0,0,0,0,0,0,0,0,0,0,0,0,0,0,0,0,0,0,0,0,0,0,0,0,0,0,0,0,0,0,0,0,0,0,0,0,0,0,0,0,1.89385363367649,0,0,0,0,0,0,0,0,0,0,0,0,0,0,0,0,0,0,0,0,0,0,0,0,0,0,0,0,0,0,0,0,0,0,0,0,0,0,0,0,0,0,0,0,0,0,0,0,0,0,0,0,0,0,0,0,0,0,0,0,0,0,0,0,0,0,0,0,0,0,0,0,0,0,0,0,0,0,0,0,0,0,0,0,0,0,0,0,0,0,0,0,0,0,0,0,0,0,0,0
"YOL121C","RPS19A",0,0,0,0,0,0,0,0,0,0,0,0,0,0,0,0,0,0,0,0,0,0,0,0,2.34409959820914,0,0,0,0,0,0,0,0,0,0,0,0,0,0,0,0,0,0,0,0,0,0,0,0,0,0,0,0,0,0,0,0,0,0,0,0,0,0,0,0,0,0,0,0,0,0,0,0,0,0,0,0,0,0,0,0,0,0,0,0,2.47064125194139,0,0,0,0,0,0,0,0,0,0,0,0,0,0,0,0,0,0,0,0,0,0,0,0,0,0,0,0,0,0,0,0,0,0,0,0,0,0,0,0,0,0,0,0,0,0,0,0,0,0,0,0,0,0,0,0,0,0,0,0,0,0,0,0,0,0,0,0,0,0,0,0,0,0,0,0,0,0,0,0,0,0,0,0,0,0,0,0,0,0,0,0,0,0,0,0,0,0,0,0
"YPL110C","GDE1",0,0,0,0,0,0,0,0,0,0,0,0,0,0,0,1.60457848295051,0,0,0,0,0,0,0,0,0,0,0,0,0,0,0,0,0,0,0,0,0,0,0,0,0,0,0,0,0,0,0,0,0,0,0,0,0,0,0,0,0,0,0,0,0,0,0,0,0,0,0,0,0,0,0,0,0,0,0,0,0,0,0,0,0,0,0,0,0,0,0,0,0,0,0,0,0,0,0,0,0,0,0,0,0,0,0,0,0,0,0,0,0,0,0,0,0,0,0,0,0,0,0,0,0,0,0,0,0,0,0,0,0,0,0,0,0,0,0,0,0,0,0,0,0,0,0,0,0,0,0,0,0,0,0,0,0,0,0,0,0,0,0,0,0,0,0,0,0,0,0,0,0,0,0,0,0,0,0,0,0,0,0,0,0,0,0,0,0,0
"YNL136W","EAF7",0,0,0,0,0,0,0,0,0,0,0,0,0,0,0,3.30766372715098,0,0,0,0,0,0,0,0,0,0,0,0,0,0,0,0,0,0,0,0,0,0,0,0,0,0,0,0,0,0,0,0,0,0,0,0,0,0,0,0,0,0,0,0,0,0,0,0,0,0,0,0,0,0,0,0,0,0,0,0,0,0,0,0,0,0,0,0,0,0,0,0,0,0,0,0,0,0,0,0,0,0,0,0,0,0,0,0,0,0,0,0,0,0,0,0,0,0,0,0,0,0,0,0,0,0,0,0,0,0,0,0,0,0,0,0,0,0,0,0,0,0,0,0,0,0,0,0,0,0,0,0,0,0,0,0,0,0,0,0,0,0,0,0,0,0,0,0,0,0,0,0,0,0,0,0,0,0,0,0,0,0,0,0,0,0,0,0,0,0
"YHR207C","SET5",0,0,0,0,0,0,0,0,0,0,0,0,0,0,0,0,0,0,0,0,0,0,0,0,0,0,0,0,0,0,0,0,0,0,0,0,0,0,0,0,0,0,0,0,0,0,0,0,0,0,0,0,0,0,0,0,0,0,0,0,0,0,0,0,0,0,0,0,0,0,0,0,0,0,0,0,0,0,0,0,0,0,0,0,2.06462690618268,0,0,0,0,0,0,0,0,2.14869649596885,0,0,0,0,0,0,0,0,0,0,0,0,0,0,0,0,0,0,0,0,0,0,0,0,0,0,0,0,0,0,0,0,0,0,0,0,0,0,0,0,0,0,0,0,0,0,0,0,0,0,0,0,0,0,0,0,0,0,0,0,0,0,0,0,0,0,0,0,0,0,0,0,0,0,0,0,0,0,0,0,0,0,0,0,0,0,0,0,0,0,0,0
"YOR078W","BUD21",0,0,0,0,0,0,0,0,0,0,0,0,0,0,0,0,0,0,0,0,0,0,0,0,0,0,0,0,0,0,0,0,0,0,0,0,0,0,0,0,0,0,0,0,0,0,0,0,0,0,0,0,0,0,0,0,0,0,0,0,0,0,0,0,0,0,0,0,0,0,0,0,0,0,0,0,0,0,0,0,0,0,0,0,0,0,0,0,0,0,0,0,0,0,0,0,0,0,0,0,0,0,0,0,0,0,0,0,0,0,0,0,0,0,0,0,0,0,0,0,0,0,0,0,0,0,0,0,0,0,0,0,0,0,0,0,0,0,0,0,0,0,0,0,2.5704202892883,0,0,0,0,0,0,0,0,0,0,0,0,0,0,0,0,0,0,0,0,0,0,0,0,0,0,0,0,0,0,0,0,0,0,0,0,0,0,0,0,0
"YER129W","SAK1",0,0,0,0,0,0,0,0,0,0,0,0,0,0,0,0,0,0,0,0,0,0,0,0,0,0,0,0,0,0,0,0,0,0,0,0,0,0,0,0,0,0,0,0,0,0,0,0,0,0,0,0,0,0,0,0,0,0,0,0,0,0,0,0,0,0,0,0,0,0,0,0,0,0,0,0,0,0,0,0,0,0,0,0,0,0,0,0,0,0,0,0,0,0,0,0,0,0,0,0,0,0,0,0,0,0,0,0,0,0,0,0,0,0,0,0,0,0,0,0,0,0,0,0,0,0,0,0,0,0,0,0,0,0,0,0,0,0,0,0,0,0,0,0,0,0,0,0,0,0,0,0,0,0,0,0,0,0,0,0,0,0,0,0,0,2.44312374264051,0,0,0,0,0,0,0,0,0,0,0,0,0,0,0,0,0,0,0,0
"YGR130C","YGR130C",0,0,0,0,0,0,0,0,0,0,0,0,0,0,0,0,0,0,0,0,0,0,0,0,0,0,0,0,0,0,0,0,0,0,0,0,0,0,0,0,0,0,0,0,0,0,0,0,0,0,0,0,0,0,0,0,0,0,0,0,0,0,0,0,0,0,0,0,0,0,0,0,0,0,0,0,0,0,0,0,0,0,0,0,0,0,0,0,2.27826786592956,0,0,0,0,0,0,0,0,0,0,0,0,0,0,0,0,0,0,0,0,0,0,0,0,0,0,0,0,0,0,0,0,0,0,0,0,0,0,0,0,0,0,0,0,0,0,0,0,0,0,0,0,0,0,0,0,0,0,0,0,0,0,0,0,0,0,0,0,0,0,0,0,0,0,0,0,0,0,0,0,0,0,0,0,0,0,0,0,0,0,0,0,0,0,0,0,0
"YMR234W","RNH1",0,0,0,0,0,0,0,0,0,0,0,0,0,0,0,0,0,0,0,0,0,0,0,0,0,0,0,0,0,0,0,0,0,0,0,0,0,0,0,0,0,0,0,0,0,0,0,0,0,0,0,0,0,0,0,0,0,0,0,0,0,0,0,0,0,0,0,0,0,0,0,0,0,0,0,0,0,0,0,0,0,0,0,0,0,0,0,0,0,0,2.21038231967236,0,0,0,0,0,0,0,0,0,0,0,0,0,0,0,0,0,0,0,0,0,0,0,0,0,0,0,0,0,0,0,0,0,0,0,0,0,0,0,0,0,0,0,0,0,0,0,0,0,0,0,0,0,0,0,0,0,0,0,0,0,0,0,0,0,0,0,0,0,0,0,0,0,0,0,0,0,0,0,0,0,0,0,0,0,0,0,0,0,0,0,0,0,0,0
"YDR240C","SNU56",0,0,0,0,0,0,0,0,0,0,0,0,0,0,0,0,0,0,0,0,0,0,0,0,0,0,0,0,0,0,0,0,0,0,0,0,0,0,0,0,0,0,0,0,0,0,0,0,0,0,0,0,0,0,0,0,0,0,0,0,0,0,0,0,0,0,0,0,0,0,0,0,0,0,0,0,0,0,0,0,0,0,0,0,0,0,0,0,0,0,0,0,0,0,0,0,0,0,0,0,0,0,0,0,0,0,0,0,0,0,0,0,0,0,0,0,0,0,0,0,0,0,0,1.72737459165551,0,0,0,0,0,0,0,0,0,0,0,0,0,0,0,0,0,0,0,0,0,0,0,0,0,0,0,0,0,0,0,0,0,0,0,0,0,0,0,0,0,0,0,0,0,0,0,0,0,0,0,0,0,0,0,0,0,0,0,0,0,0
"YDL060W","TSR1",0,0,0,0,0,0,0,0,0,0,0,0,0,0,0,0,0,0,0,0,0,0,0,0,0,0,0,0,0,0,0,0,0,0,0,0,0,0,0,0,0,0,0,0,0,0,0,0,0,0,0,0,0,0,0,0,0,0,0,0,0,0,0,0,0,0,0,0,0,0,0,0,0,1.61332579288039,0,0,0,0,0,0,0,0,0,0,0,0,0,0,0,0,0,0,0,0,0,0,0,0,0,0,0,0,0,0,0,0,0,0,0,0,0,0,0,0,0,0,0,0,0,0,0,0,0,0,0,0,0,0,0,0,0,0,0,0,0,0,0,0,0,0,0,0,0,0,0,0,0,0,0,0,0,0,0,0,0,0,0,0,0,0,0,0,0,0,0,0,0,0,0,0,0,0,0,0,0,0,0,0,0,0,0,0,0,0,0,0
"YKL106W","AAT1",0,0,0,0,0,0,0,0,0,0,0,0,0,0,0,0,0,0,0,0,0,0,0,0,0,0,0,0,0,0,0,0,0,0,0,0,0,0,0,0,0,0,0,0,0,0,0,0,0,0,0,0,0,0,0,0,0,0,0,0,0,0,0,0,0,0,0,0,0,0,0,0,0,0,0,0,0,0,0,0,0,0,0,0,0,0,0,0,0,1.50422832201966,0,0,0,0,0,0,0,0,0,0,0,0,0,0,0,0,0,0,0,0,0,0,0,0,0,0,0,0,0,0,0,0,0,0,0,0,0,0,0,0,0,0,0,0,0,0,0,0,0,0,0,0,0,0,0,0,0,0,0,0,0,0,0,0,0,0,0,0,0,0,0,0,0,0,0,0,0,0,0,0,0,0,0,0,0,0,0,0,0,0,0,0,0,0,0,0
"YGL077C","HNM1",0,0,0,0,0,0,0,0,0,0,0,0,0,0,0,0,0,0,0,0,0,0,0,0,0,0,0,0,0,0,0,0,0,0,0,0,0,0,0,0,0,0,0,0,0,0,0,0,0,0,0,0,0,0,0,0,0,0,0,0,0,0,0,0,0,0,0,0,0,0,0,0,0,0,0,0,0,0,0,0,0,0,0,0,0,0,0,1.60574235751075,0,0,0,0,0,0,0,0,0,0,0,0,0,0,0,0,0,0,0,0,0,0,0,0,0,0,0,0,0,0,0,0,0,0,0,0,0,0,0,0,0,0,0,0,0,0,0,0,0,0,0,0,0,0,0,0,0,0,0,0,0,0,0,0,0,0,0,0,0,0,0,0,0,0,0,0,0,0,0,0,0,0,0,0,0,0,0,0,0,0,0,0,0,0,0,0,0,0
"YDL014W","NOP1",0,0,0,0,0,0,0,0,0,0,0,0,0,0,0,0,0,0,0,0,0,0,0,0,0,0,0,0,0,0,0,0,0,0,0,0,0,0,0,0,0,0,0,0,0,0,0,0,0,0,0,0,0,0,0,0,0,0,0,0,0,0,0,0,0,0,0,0,0,0,0,0,0,0,0,0,0,0,0,0,0,0,0,0,0,0,0,0,0,0,0,0,0,0,0,0,0,0,0,0,0,0,0,0,0,0,0,0,0,0,0,0,0,0,0,0,0,0,0,0,0,0,0,0,0,0,0,0,0,0,0,0,0,0,0,0,0,0,0,0,0,0,0,0,0,0,1.62768117099711,0,0,0,0,0,0,0,0,0,0,1.99973386344121,0,0,0,0,0,0,0,0,0,0,0,0,0,0,0,0,0,0,0,0,0,0,0,0,0,0,0,0
"YNL227C","JJJ1",0,0,0,0,0,0,0,0,0,0,0,0,0,0,0,0,0,0,0,0,0,0,0,0,0,0,0,0,0,0,0,0,0,0,0,0,0,0,0,0,0,0,0,0,0,0,0,0,0,0,0,0,0,0,0,0,0,0,0,0,0,0,0,0,0,0,0,0,0,0,0,0,0,0,0,0,0,0,0,0,0,0,0,0,0,0,0,0,0,0,0,0,0,0,0,0,0,0,0,0,0,0,0,0,0,0,0,0,0,0,0,0,0,0,0,0,0,0,0,0,0,0,0,0,0,0,0,0,0,0,0,0,0,0,0,0,0,0,0,0,0,0,0,0,0,0,0,0,0,0,0,0,0,0,0,0,0,2.67833310080727,0,0,0,0,0,0,0,0,0,0,0,0,0,0,0,0,0,0,0,0,0,0,0,0,0,0,0,0
"YNL122C","YNL122C",0,0,0,0,0,0,0,0,0,0,0,0,0,0,0,0,0,0,0,0,0,0,0,0,0,0,0,0,0,0,0,0,0,0,0,0,0,0,0,0,0,0,0,0,0,0,0,0,0,0,0,0,0,0,0,0,0,0,0,0,0,0,0,0,0,0,0,0,0,0,0,0,0,0,0,0,0,0,0,0,0,0,0,0,0,0,0,0,0,0,0,0,0,0,0,0,0,0,0,0,0,0,0,0,0,0,0,0,0,0,0,0,0,0,0,0,0,0,0,0,0,0,0,0,0,0,0,0,0,0,0,0,0,0,0,0,0,0,0,0,0,0,0,0,0,0,0,0,0,0,0,0,0,0,0,0,0,2.03424421871863,0,0,0,0,0,0,0,0,0,0,0,0,0,0,0,0,0,0,0,0,0,0,0,0,0,0,0,0
"YPL183W-A","RTC6",0,0,0,0,0,0,0,0,0,0,0,0,0,0,0,0,0,0,0,0,0,0,0,0,0,0,0,0,0,0,0,0,0,0,0,0,0,0,0,0,0,0,0,0,0,0,0,0,0,0,0,0,0,0,0,0,0,0,0,0,0,0,0,0,0,0,0,0,0,0,0,0,0,0,0,0,0,0,0,0,0,0,0,0,0,0,0,0,0,0,0,0,0,0,0,0,0,0,0,0,0,0,0,0,0,0,0,0,0,0,0,0,0,0,0,0,0,0,0,0,0,0,0,0,0,0,0,0,0,0,0,0,0,0,0,0,0,0,0,0,0,0,0,0,0,0,0,0,0,0,0,0,0,0,0,0,0,1.72299316406769,0,0,0,0,0,0,0,0,0,0,0,0,0,0,0,0,0,0,0,0,0,0,0,0,0,0,0,0
"YPR187W","RPO26",0,0,0,0,0,0,0,0,0,0,0,0,0,0,0,0,0,0,0,0,0,0,0,0,0,0,0,0,0,0,0,0,0,0,0,0,0,0,0,0,0,0,0,0,0,0,0,0,0,0,0,0,0,0,0,0,0,0,0,0,0,0,0,0,0,0,0,0,0,0,0,0,0,0,0,0,0,0,0,0,0,0,0,0,0,0,0,0,0,0,0,0,0,0,0,0,0,0,0,0,0,0,0,0,0,0,0,0,0,0,0,0,0,0,0,0,0,0,0,0,0,0,0,0,0,0,0,0,0,0,0,0,0,0,0,0,0,0,0,0,0,0,0,0,0,0,0,0,0,0,0,0,0,0,0,0,0,1.77469475342666,0,0,0,0,0,0,0,0,0,0,0,0,0,0,0,0,0,0,0,0,0,0,0,0,0,0,0,0
"YHR143W-A","RPC10",0,0,0,0,0,0,0,0,0,0,0,0,0,0,0,0,0,0,0,0,0,0,0,0,0,0,0,0,0,0,0,0,0,0,0,0,0,0,0,0,0,0,0,0,0,0,0,0,0,0,0,0,0,0,0,0,0,0,0,0,0,0,0,0,0,0,0,0,0,0,0,0,0,0,0,0,0,0,0,0,0,0,0,0,0,0,0,0,0,0,0,0,0,0,0,0,0,0,0,0,0,0,0,0,0,0,0,0,0,0,0,0,0,0,0,0,0,0,0,0,0,0,0,0,0,0,0,0,0,0,0,0,0,0,0,0,0,0,0,0,0,0,0,0,0,0,0,0,0,0,0,0,0,0,0,0,0,1.65855034633152,0,0,0,0,0,0,0,0,0,0,0,0,0,0,0,0,0,0,0,0,0,0,0,0,0,0,0,0
"YGR280C","PXR1",0,0,0,0,0,0,0,0,0,0,0,0,0,0,0,0,0,0,0,0,0,0,0,0,0,0,0,0,0,0,0,0,0,0,0,0,0,0,0,0,0,0,0,0,0,0,0,0,0,0,0,0,0,0,0,0,0,0,0,0,0,0,0,0,0,0,0,0,0,0,0,0,0,0,0,0,0,0,0,0,0,0,0,0,0,0,0,0,0,0,0,0,0,0,0,0,0,0,0,0,0,0,0,0,0,0,0,0,0,0,0,0,0,0,0,0,0,0,0,0,0,0,0,0,0,0,0,0,0,0,0,0,0,0,0,0,0,0,0,0,0,0,0,0,0,0,0,0,0,0,0,0,0,0,0,0,0,1.57072747550782,0,0,0,0,0,0,0,0,0,0,0,0,0,0,0,0,0,0,0,0,0,0,0,0,0,0,0,0
"YER126C","NSA2",0,0,0,0,0,0,0,0,0,0,0,0,0,0,0,0,0,0,0,0,0,0,0,0,0,0,0,0,0,0,0,0,0,0,0,0,0,0,0,0,0,0,0,0,0,0,0,0,0,0,0,0,0,0,0,0,0,0,0,0,0,0,0,0,0,0,0,0,0,0,0,0,0,0,0,0,0,0,0,0,0,0,0,0,0,0,0,0,0,0,0,0,0,0,0,0,0,0,0,0,0,0,0,0,0,0,0,0,0,0,0,0,0,0,0,0,0,0,0,0,0,0,0,0,0,0,0,0,0,0,0,0,0,0,0,0,0,0,0,0,0,0,0,0,0,0,0,0,0,0,0,0,0,0,0,0,0,1.5981067315718,0,0,0,0,0,0,0,0,0,0,0,0,0,0,0,0,0,0,0,0,0,0,0,0,0,0,0,0
"YBR154C","RPB5",0,0,0,0,0,0,0,0,0,0,0,0,0,0,0,0,0,0,0,0,0,0,0,0,0,0,0,0,0,0,0,0,0,0,0,0,0,0,0,0,0,0,0,0,0,0,0,0,0,0,0,0,0,0,0,0,0,0,0,0,0,0,0,0,0,0,0,0,0,0,0,0,0,0,0,0,0,0,0,0,0,0,0,0,0,0,0,0,0,0,0,0,0,0,0,0,0,0,0,0,0,0,0,0,0,0,0,0,0,0,0,0,0,0,0,0,0,0,0,0,0,0,0,0,0,0,0,0,0,0,0,0,0,0,0,0,0,0,0,0,0,0,0,0,0,0,0,0,0,0,0,0,0,0,0,0,0,1.60374610178902,0,0,0,0,0,0,0,0,0,0,0,0,0,0,0,0,0,0,0,0,0,0,0,0,0,0,0,0
"YHR216W;YAR073W","IMD2;IMD1",0,0,0,0,0,0,0,0,0,0,0,0,0,0,0,0,0,0,0,0,0,0,0,0,0,0,0,0,0,0,0,0,0,0,0,0,0,5.40877906600084,0,0,0,0,0,0,0,0,0,0,0,0,0,0,0,0,0,0,0,0,0,0,0,0,0,0,0,0,0,0,0,0,0,0,0,0,0,0,0,0,0,0,0,0,0,0,0,0,0,0,0,0,0,0,0,0,0,0,0,0,0,0,0,0,0,0,0,0,0,0,0,0,0,0,0,0,0,0,0,0,0,0,0,0,0,0,0,0,0,0,0,0,0,0,0,0,0,0,0,0,0,0,0,0,0,0,0,0,0,0,0,0,0,0,0,0,0,0,0,0,0,0,0,0,0,0,0,0,0,0,0,0,0,0,0,0,0,0,0,0,0,0,0,0,0,0,0,0
"YLR432W","IMD3",0,0,0,0,0,0,0,0,0,0,0,0,0,0,0,0,0,0,0,0,0,0,0,0,0,0,0,0,0,0,0,0,0,0,0,0,0,6.49013582660483,0,0,0,0,0,0,0,0,0,0,0,0,0,0,0,0,0,0,0,0,0,0,0,0,0,0,0,0,0,0,0,0,0,0,0,0,0,0,0,0,0,0,0,0,0,0,0,0,0,0,0,0,0,0,0,0,0,0,0,0,0,0,0,0,0,0,0,0,0,0,0,0,0,0,0,0,0,0,0,0,0,0,0,2.0025749962438,0,0,0,0,0,0,0,0,0,0,0,0,0,0,0,0,0,0,0,0,0,0,0,0,0,0,0,0,0,0,0,0,0,0,0,0,0,0,0,0,0,0,0,0,0,0,0,0,0,0,0,0,0,0,0,0,0,0,0,0,0,0,0,0
"YDR514C","YDR514C",0,0,0,0,0,0,0,0,0,0,0,0,0,0,0,0,0,0,0,0,0,0,0,0,0,0,0,0,0,0,0,0,0,0,0,0,0,1.50764304319863,0,0,0,0,0,0,0,0,0,0,0,0,0,0,0,0,0,0,0,0,0,0,0,0,0,0,0,0,0,0,0,0,0,0,0,0,0,0,0,0,0,0,0,0,0,0,0,1.80280199076161,0,0,0,1.51620243137998,0,0,0,0,0,0,0,0,0,0,0,0,1.63556546222383,0,0,0,0,0,2.38785680285134,0,0,0,0,0,0,0,0,0,0,1.96340061502588,0,0,0,0,1.68117572443041,0,0,0,0,0,0,0,0,0,0,0,0,0,0,0,0,0,0,2.10783775396285,0,0,0,0,0,0,0,0,0,0,2.23327281927708,2.76090285865857,0,1.8095023270731,0,0,0,0,0,2.54405622518717,0,0,0,0,0,0,0,0,0,2.31340149056542,0,0,0,0,0,0,0,0,0,0,0,0
"YER161C","SPT2",0,0,0,0,0,0,0,0,0,0,0,0,0,0,0,0,0,0,0,0,0,0,0,0,0,0,0,0,0,0,0,0,0,0,0,0,0,0,0,0,0,0,0,0,0,0,0,0,0,0,0,0,0,0,0,0,0,0,0,0,0,0,0,0,0,0,0,0,0,0,0,0,0,0,0,0,0,0,0,0,0,0,0,0,0,0,0,0,2.20580855226146,0,0,0,0,0,0,0,0,0,0,0,0,0,0,0,0,0,0,0,0,0,0,0,0,0,0,0,0,0,0,0,0,0,0,0,0,0,0,0,0,0,0,0,0,0,0,0,0,0,0,0,0,0,0,0,0,0,4.50432512893861,0,0,0,0,0,0,0,0,0,0,3.93854865642855,0,0,0,0,0,0,0,0,0,0,0,0,0,0,0,0,0,0,0,0,0,0,0,0,0,0,0,0
"YPR104C","FHL1",0,0,0,0,0,0,0,0,0,0,0,0,0,0,0,0,0,0,0,0,0,0,0,0,0,0,0,0,0,0,0,0,0,0,0,0,0,0,0,0,0,0,0,0,0,0,0,0,0,0,0,0,0,0,0,0,0,0,0,0,0,0,0,0,0,0,0,0,0,0,0,0,0,0,0,0,0,0,0,0,0,0,0,0,1.92266114230955,0,0,0,0,2.3718528975173,0,1.60045517257696,0,0,0,0,0,0,0,0,0,0,0,0,0,0,0,0,0,0,0,0,0,0,0,0,0,0,0,0,0,0,0,0,0,0,0,0,0,0,0,0,0,0,0,0,0,0,0,0,0,0,0,0,0,0,2.14233591437507,0,0,0,0,0,0,0,0,0,0,2.95897871812081,0,0,0,0,0,0,0,0,0,0,0,0,0,0,0,0,0,0,0,2.86984014709566,0,0,0,0,0,1.54014002868154,0,0
"YLR197W","NOP56",0,0,0,0,0,0,0,0,0,0,0,0,0,0,0,1.78757120462075,0,0,0,0,0,0,0,0,0,0,0,0,0,0,0,0,0,0,0,0,0,0,0,0,0,0,0,0,0,0,0,0,0,0,0,0,0,0,0,0,0,0,0,0,0,0,0,0,0,0,0,0,0,0,0,0,0,0,0,0,0,0,0,0,0,0,0,0,0,1.51361666941538,0,0,1.60967189075387,0,0,0,0,1.48904880682012,0,0,0,0,0,0,0,0,0,0,0,0,0,0,0,0,0,0,0,0,0,0,0,0,0,0,0,0,0,0,0,0,0,0,0,0,0,0,0,0,0,0,0,0,0,0,0,0,0,0,0,0,1.72410465041172,0,0,0,0,0,0,0,0,1.94314379451301,0,1.5205083850581,0,0,0,0,0,0,0,0,0,0,0,0,0,0,0,0,0,0,0,0,0,0,0,0,0,0,0,0
"YIL052C","RPL34B",0,0,0,0,0,0,0,0,0,0,0,0,0,0,0,0,0,0,0,0,0,0,0,0,0,0,0,0,0,0,0,0,0,0,0,0,0,0,0,0,0,0,0,0,0,0,0,0,0,0,0,0,0,0,0,0,0,0,0,0,0,0,0,0,0,0,0,0,0,0,0,0,0,0,0,0,0,0,0,0,0,0,0,0,0,1.70491016703773,0,0,0,0,0,0,0,0,0,0,0,0,0,0,0,0,0,0,0,0,0,0,0,0,0,0,0,0,0,0,0,0,0,0,0,0,0,0,0,0,0,0,0,0,0,0,0,0,0,0,0,0,0,0,0,0,0,0,0,0,2.12589294732987,0,0,0,0,0,0,0,0,0,0,1.86167197119702,0,0,0,0,0,0,0,0,0,0,0,0,0,0,0,0,0,0,0,0,0,0,0,0,0,0,0,0
"YDR033W","MRH1",0,0,0,0,0,0,0,0,0,0,0,0,0,0,0,0,0,0,0,0,0,0,0,0,0,0,0,0,0,0,0,0,0,0,0,0,0,0,0,0,0,0,0,0,0,0,0,0,0,0,0,0,0,0,0,0,0,0,0,0,0,0,0,0,0,0,0,0,0,0,0,0,0,0,0,0,0,0,0,0,0,0,0,0,0,2.28498503932212,0,0,0,0,0,0,0,0,0,0,0,0,0,0,0,0,0,0,0,0,0,0,0,0,0,0,0,0,0,0,0,0,0,0,0,0,0,0,0,0,0,0,0,0,0,0,0,0,0,0,0,0,0,0,0,0,0,0,0,0,2.07373609862146,0,0,0,0,0,0,0,0,0,0,0,0,0,0,0,0,0,0,1.72519985329873,0,0,0,0,0,0,0,0,0,0,0,0,0,0,0,0,0,0,0,0
"YLR002C","NOC3",0,0,0,0,0,0,0,0,0,0,0,0,0,0,0,0,0,0,0,0,0,0,0,0,0,0,0,0,0,0,0,0,0,0,0,0,0,0,0,0,0,0,0,0,0,0,0,0,0,0,0,0,0,0,0,0,0,0,0,0,0,0,0,0,0,0,0,0,0,0,0,0,0,0,0,0,0,0,0,0,0,0,0,0,0,2.28629162252751,0,0,1.73815289329419,2.11599760176412,0,2.03766662866098,0,0,0,0,0,0,0,0,0,0,0,0,0,0,0,0,0,0,0,0,0,0,0,0,0,0,0,0,0,0,0,0,0,0,0,0,0,0,0,0,0,0,0,0,0,0,0,0,0,0,0,0,0,0,2.54116579932352,0,0,0,0,0,0,0,0,2.04622107231466,0,0,0,0,0,0,0,0,0,0,0,0,0,0,0,0,0,0,0,0,0,1.78840716786913,0,0,0,0,0,0,0,0
"YOR206W","NOC2",0,0,0,0,0,0,0,0,0,0,0,0,0,0,0,1.55013968140371,0,0,0,0,0,0,0,0,0,0,0,0,0,0,0,0,0,0,0,0,0,0,0,0,0,0,0,0,0,0,0,0,0,0,0,0,0,0,0,0,0,0,0,0,0,0,0,0,0,0,0,0,0,0,0,0,0,0,0,0,0,0,0,0,0,0,0,0,0,1.89789605759211,0,0,1.65182988079083,0,0,1.6122898476576,0,0,0,0,0,0,0,0,0,0,0,0,0,0,0,0,0,0,0,0,0,0,0,0,0,0,0,0,0,1.68427420169439,0,0,0,0,0,0,0,0,0,0,0,0,0,0,0,0,0,0,0,0,0,0,0,0,2.20717954045433,0,0,0,0,0,0,0,0,2.16592083225575,0,0,0,0,0,0,0,0,0,0,0,0,0,0,0,0,0,0,0,0,0,1.83972559972879,0,0,0,0,0,0,0,0
"YGL252C","RTG2",0,0,0,0,0,0,0,0,0,0,0,0,0,0,0,0,0,0,0,0,0,0,0,0,0,0,0,0,0,0,0,0,0,0,0,0,0,0,0,0,0,0,0,0,0,0,0,0,0,0,0,0,0,0,0,0,0,0,0,0,0,0,0,0,0,0,0,0,0,0,0,0,0,0,0,0,0,0,0,0,0,0,0,0,1.93179686213621,1.96781564545874,0,0,0,0,0,0,0,0,0,0,0,0,0,0,0,0,0,0,0,0,0,0,2.58430446484402,2.557508691029,0,0,0,0,0,0,0,0,0,0,0,0,0,0,0,0,0,0,0,0,0,0,0,0,0,0,0,0,0,0,0,0,0,0,0,0,2.55568863236456,0,0,0,0,0,0,0,0,3.32011914040558,0,2.28936431919266,0,0,0,0,0,0,0,0,0,0,0,0,0,0,0,0,0,0,0,0,0,0,0,0,0,0,0,0
"YEL026W","SNU13",0,0,0,0,0,0,0,0,0,0,0,0,0,0,0,0,0,0,0,0,0,0,0,0,0,0,0,0,0,0,0,0,0,0,0,0,0,0,0,0,0,0,0,0,0,0,0,0,0,0,0,0,0,0,0,0,0,0,0,0,0,0,0,0,0,0,0,0,0,0,0,0,0,0,0,0,0,0,0,0,0,0,0,0,1.81652061072754,2.30458400422868,0,0,1.67867609189395,2.05129870722157,0,1.89406669880219,0,0,0,0,0,0,0,0,0,0,0,0,0,0,0,0,1.94591308818238,1.74699247522804,0,0,0,0,0,0,0,0,0,0,0,0,0,0,0,0,0,0,0,0,0,0,0,0,0,0,0,0,0,0,0,0,0,0,0,0,1.66744331674489,0,0,0,0,0,0,0,0,2.40755971076239,0,0,0,0,0,0,0,0,0,0,0,0,0,0,0,0,0,0,0,0,0,0,0,0,0,0,0,0,0,0
"YJL148W","RPA34",0,0,0,0,0,0,0,0,0,0,0,0,0,0,0,2.0379089495128,0,0,0,0,0,0,0,0,0,0,0,0,0,0,0,0,0,0,0,0,0,0,0,0,0,0,0,0,0,0,0,0,0,0,0,0,0,0,0,0,0,0,0,0,0,0,0,0,0,0,0,0,0,0,0,0,0,0,0,0,0,0,0,0,0,0,0,0,0,1.83636788064605,0,0,1.92797481926087,1.79372425382682,0,0,0,0,0,0,0,0,0,0,0,0,0,0,0,0,0,0,1.6254767005969,0,0,0,0,0,0,0,0,0,0,0,0,0,0,0,0,0,0,0,0,0,0,0,0,0,0,0,0,0,0,0,0,0,0,0,0,0,1.9874048234389,0,0,0,0,0,0,0,0,2.63036101583443,0,2.27965551777298,0,0,0,0,0,0,0,0,0,0,0,0,0,0,0,0,0,0,0,0,0,0,0,0,0,0,0,0
"YCR087C-A","YCR087C-A",0,0,0,0,0,0,0,0,0,0,0,0,0,0,0,1.91025104387822,0,0,0,0,0,0,0,0,0,0,0,0,0,0,0,0,0,0,0,0,0,0,0,0,0,0,0,0,0,0,0,0,0,0,0,0,0,0,0,0,0,0,0,0,0,0,0,0,0,0,0,0,0,0,0,0,0,0,0,0,0,0,0,0,0,0,0,0,1.70106175478674,1.77182040057439,0,0,0,1.78849417786097,0,0,0,0,0,0,0,0,0,0,0,0,0,0,0,0,0,0,1.72683095171778,1.51566520259338,0,0,0,0,0,0,0,0,0,0,0,0,0,0,0,0,0,0,0,0,0,0,0,0,0,0,0,0,0,0,0,0,0,0,0,0,1.88126554998495,0,0,0,0,0,0,0,0,2.50878905765493,0,2.49787060600948,0,0,0,0,0,0,0,0,0,0,0,0,0,0,0,0,0,0,0,0,0,0,0,0,0,0,0,0
"YOR310C","NOP58",0,0,0,0,0,0,0,0,0,0,0,0,0,0,0,1.94385710068215,0,0,0,0,0,0,0,0,0,0,0,0,0,0,0,0,0,0,0,0,0,0,0,0,0,0,0,0,0,0,0,0,0,0,0,0,0,0,0,0,0,0,0,0,0,0,0,0,0,0,0,0,0,0,0,0,0,0,0,0,0,0,0,0,0,0,0,0,1.71372730089234,1.63677972647152,0,0,1.92868214703471,0,0,1.88687349754145,0,0,0,0,0,0,0,0,0,0,0,0,0,0,0,0,1.68443302018193,1.45147817237457,0,0,0,0,0,0,0,0,0,0,0,1.80477022418355,0,0,0,0,0,0,0,0,0,0,0,0,0,0,0,0,0,0,0,0,0,0,0,0,1.81609343761826,0,0,0,0,0,0,0,0,2.45037514432813,0,2.54951562758313,0,0,0,0,0,0,0,0,0,0,0,0,0,0,0,0,0,0,0,0,0,0,0,0,0,0,0,0
"YPL094C","SEC62",0,0,0,0,0,0,0,0,0,0,0,0,0,0,0,1.62311500135731,0,0,0,0,0,0,0,0,0,0,0,0,0,0,0,0,0,0,0,0,0,0,0,0,0,0,0,0,0,0,0,0,0,0,0,0,0,0,0,0,0,0,0,0,0,0,0,0,0,0,0,0,0,0,0,0,0,0,0,0,0,0,0,0,0,0,0,0,0,0,0,0,0,0,0,0,0,0,0,0,0,0,0,0,0,0,0,0,0,0,0,0,2.18323076660091,1.84909166681489,0,0,0,0,0,0,0,0,0,0,0,1.61839673883568,0,0,0,0,0,0,0,0,0,0,0,0,0,0,0,0,0,0,0,0,0,0,0,0,2.11975446990207,0,0,0,0,0,0,0,0,2.46756168904904,0,1.73704718775275,0,0,0,0,0,0,0,0,0,0,0,0,0,0,0,0,0,0,0,0,0,0,0,0,0,0,0,0
"YLR363W-A","YLR363W-A",0,0,0,0,0,0,0,0,0,0,0,0,0,0,0,2.29885409021917,0,0,0,0,0,0,0,0,0,0,0,0,0,0,0,0,0,0,0,0,0,0,0,0,0,0,0,0,0,0,0,0,0,0,0,0,0,0,0,0,0,0,0,0,0,0,0,0,0,0,0,0,0,0,0,0,0,0,0,0,0,0,0,0,0,0,0,0,0,1.51763615917963,0,0,0,0,0,0,0,0,0,0,0,0,0,0,0,0,0,0,0,0,0,0,2.10721480550982,1.92218571899258,0,0,0,0,0,0,0,0,0,0,0,0,0,0,0,0,0,0,0,0,0,0,0,0,0,0,0,0,0,0,0,0,0,0,0,0,1.72251860250353,0,0,0,0,0,0,0,0,2.6244423768884,0,2.19330405961797,0,0,0,0,0,0,0,0,0,0,0,0,0,0,0,0,0,0,0,0,0,0,0,0,0,0,0,0
"YJL076W","NET1",0,0,0,2.01580886905154,0,0,0,0,0,2.76206284665132,0,0,0,0,0,0,0,0,0,0,0,0,0,0,0,0,0,0,0,0,0,0,0,0,0,0,0,0,0,0,0,0,0,0,0,0,0,0,0,0,0,0,0,0,2.67377161110973,0,0,0,0,0,0,0,0,0,0,0,0,0,2.6149605991058,0,0,2.40341763427278,0,0,0,0,0,0,0,0,0,0,0,0,4.39895023837614,0,4.07129845333128,2.39535965191173,4.23906301117156,3.55452974075088,0,5.56781742872776,4.38175273832906,2.86388768391396,0,0,0,0,0,0,0,0,0,3.27981319515959,3.47116179044311,0,3.08374461208786,2.30737410717102,4.37711608400074,4.09582803234674,0,1.63173461397302,0,0,0,0,0,0,2.81091984357331,0,0,6.14261700264352,0,0,0,0,0,0,0,0,0,0,0,0,0,0,0,0,2.51601346575828,0,0,0,0,0,0,0,5.82526743818516,0,0,0,0,0,0,0,0,2.70805357576141,0,5.78231603413613,0,0,0,0,0,0,0,0,0,0,0,0,0,0,0,0,0,0,0,5.09625480975876,0,0,0,1.94871116308774,0,2.5660011506914,0,0
"YNR054C","ESF2",0,0,0,2.71189938565606,0,0,0,0,0,0,0,0,0,0,0,0,0,0,0,0,0,0,0,0,0,0,0,0,0,0,0,0,0,0,0,0,0,0,0,0,0,0,0,0,0,0,1.6839272606905,0,0,0,0,0,0,0,0,0,0,0,0,0,0,0,0,0,0,0,0,0,0,0,0,0,0,0,0,0,0,0,0,0,0,0,0,0,0,0,0,0,4.32660723254064,0,0,3.71225304090041,0,0,0,0,0,0,0,0,0,0,0,0,3.27345182568342,0,0,0,0,0,0,0,0,0,0,0,0,0,3.49797154297067,0,0,0,0,0,0,0,0,0,0,0,0,0,0,0,0,0,0,0,0,0,0,0,0,0,3.05615265199841,0,5.6459503934915,0,0,0,2.40096393553705,0,0,0,0,5.52906208576376,0,2.57541339871916,0,0,2.18526402199904,0,0,0,0,0,0,0,0,0,0,0,0,0,0,0,0,4.52055471166996,0,0,0,0,0,0,0,4.40967111972331
"YKR092C","SRP40",0,0,0,0,0,0,0,0,0,0,0,0,0,0,0,2.24922060968676,0,0,0,0,0,0,0,0,0,0,0,0,0,0,0,0,0,0,0,0,0,0,0,0,0,0,0,0,0,0,0,0,0,0,0,0,0,0,0,0,0,0,0,0,0,0,0,0,0,0,0,0,0,0,0,0,0,0,0,0,0,0,0,0,0,0,0,0,2.42671549414879,0,0,0,2.3876947420937,3.88718270521841,3.24138287648116,2.5415582934878,1.5277164125194,0,0,0,3.20633975475118,1.83210608580793,0,0,0,0,0,0,0,0,1.90580708212893,0,0,0,0,0,0,0,0,0,0,0,0,0,1.6465316020083,4.95191459616668,0,0,0,0,0,0,0,0,0,0,0,0,0,0,0,0,0,0,0,0,0,0,0,0,2.95332558989612,0,0,0,0,0,0,0,0,3.74420065318187,0,3.25615271420383,0,0,0,0,0,0,0,0,0,0,0,0,0,0,0,0,0,0,1.59424445208193,2.63780569982569,0,0,0,0,0,2.58557528887809,0,0
"YDL075W","RPL31A",0,0,0,0,0,0,0,0,0,0,0,0,0,0,0,2.94361479769635,0,0,0,0,0,0,0,0,0,0,0,0,0,0,0,0,0,0,0,0,0,0,0,0,2.43903267784722,0,0,0,0,0,0,0,0,0,0,0,0,0,0,0,0,0,0,0,0,0,0,0,0,0,0,0,0,0,0,0,0,0,0,0,0,0,0,0,0,0,0,0,0,2.73915733023855,0,0,2.33431655409913,0,2.71241156871975,0,0,1.85819009569762,0,0,2.86595769141671,0,0,0,0,0,0,0,0,0,0,0,3.08754911396221,0,0,0,0,0,0,0,0,0,0,0,0,3.55664746692268,0,0,0,0,0,0,0,0,0,0,0,0,0,0,0,0,0,0,0,0,0,0,0,0,3.58203464311203,0,0,0,0,0,0,0,0,4.15778463878573,0,3.19226100615049,0,0,0,0,0,0,0,0,0,0,0,0,0,0,0,0,0,0,0,3.0233601972337,0,0,0,0,0,0,0,2.38034081182769
"YDR117C","TMA64",0,0,0,0,0,0,0,0,0,0,0,0,0,0,0,3.52302909918626,0,0,0,0,0,0,0,0,0,0,0,0,0,0,0,0,0,0,0,0,0,0,0,0,2.32299738815651,0,0,0,0,0,0,0,0,0,0,0,0,0,0,0,0,0,0,0,0,0,0,0,0,0,0,0,0,0,0,0,0,0,0,0,0,0,0,0,0,0,0,0,1.60042785047021,1.75091427116781,0,0,2.76736676078314,0,3.42207340131963,1.78952086230711,0,0,0,0,3.49079645846133,0,0,0,0,0,0,0,0,0,0,0,3.6858007766817,2.55840829267717,0,0,0,0,0,0,0,0,0,0,0,4.45359213901837,0,0,0,0,0,0,0,0,0,0,0,0,0,0,0,0,0,0,0,0,0,0,0,0,3.89445881266182,0,0,0,0,0,0,0,0,5.04282962793132,0,3.16065874387228,0,0,0,0,0,0,0,0,0,0,0,0,0,0,0,0,0,0,0,3.48329395564173,0,0,0,0,0,1.62849501228175,0,2.95223642427624
"YDR412W","RRP17",0,0,0,0,0,0,0,0,0,0,0,0,0,0,0,3.06061918216366,0,0,0,0,0,0,0,0,0,0,0,0,0,0,0,0,0,0,0,0,0,0,0,0,0,0,0,0,0,0,0,0,0,0,0,0,0,0,0,0,0,0,0,0,0,0,0,0,0,0,0,0,0,0,0,0,0,0,0,0,0,0,0,0,0,0,0,0,2.30471641179498,2.55934106859385,0,0,2.21472520464672,0,3.30340975475208,0,0,2.06616548280574,0,0,3.46655048126204,1.64293411230186,0,0,0,0,0,0,0,0,0,0,3.49945846587302,2.26713084227884,0,0,0,0,0,0,0,0,0,0,0,4.64615338650247,0,0,0,0,0,0,0,0,0,0,0,0,0,0,0,0,0,0,0,0,0,0,0,0,4.36850486105601,0,0,0,0,0,0,0,0,4.03110040298298,0,3.8747232210416,0,0,0,0,0,0,0,0,0,0,0,0,0,0,0,0,0,0,0,0,0,0,0,0,0,0,0,0
"YER002W","NOP16",0,0,0,0,0,0,0,0,0,0,0,0,0,0,0,3.89393667903481,0,0,0,0,0,0,0,0,0,0,1.68566265743612,0,0,0,0,0,0,0,0,0,0,0,0,0,0,0,0,0,0,0,0,0,0,0,0,0,0,0,0,0,0,0,0,0,0,0,0,0,0,0,0,0,0,0,0,0,0,0,0,0,0,0,0,0,0,0,0,0,0,2.29969713910144,0,0,2.0893517666364,0,3.99930996531206,0,0,1.95119060631948,0,0,2.95937787864158,2.12772216441308,0,0,0,0,0,1.86672013445054,0,0,0,0,4.39515485866725,2.89044073628346,0,0,0,0,0,0,0,0,1.93820642627058,0,0,5.35254027891717,0,0,0,0,0,0,0,0,0,0,0,0,0,0,0,0,0,0,0,0,0,0,2.06417432689552,0,4.32219654370209,0,0,0,0,0,0,0,0,5.30735540110765,0,4.66643070283054,0,0,0,0,0,0,0,0,0,0,0,0,0,0,0,0,0,0,0,0,0,0,0,0,0,0,0,0
"YAL035W","FUN12",0,0,0,1.68189442954031,0,0,0,0,0,0,0,0,0,0,0,3.11006947818481,0,0,0,0,0,0,0,0,0,0,0,0,0,0,0,0,0,0,0,0,0,0,0,0,1.94950548444902,0,0,0,0,1.65600993632732,0,0,0,0,0,0,0,0,1.820565038639,0,0,0,0,0,0,0,0,0,0,0,0,0,0,0,0,0,0,0,0,0,0,0,0,0,0,0,0,0,3.13972978008118,3.57500218948519,0,0,3.39491109846605,2.94211848733633,0,3.36597947394041,0,3.46108322213248,0,0,1.81389227123947,0,0,0,0,0,0,0,0,0,0,0,2.99998502551691,2.86569991927965,0,0,0,0,0,0,0,0,0,0,0,2.61903196489737,0,0,0,0,0,0,0,0,0,0,0,0,0,0,0,0,0,0,0,0,0,0,1.90096198020544,0,3.97499538307563,0,0,0,0,0,0,0,0,4.22468278140735,0,4.25155865905965,0,0,0,0,0,0,0,0,0,0,0,0,0,0,0,0,0,0,2.40627140435348,3.21127295981256,0,0,0,0,0,1.49374567418643,0,2.0537375604902
"YOR119C","RIO1",0,0,0,2.08584260382917,0,0,0,0,0,0,0,0,0,0,0,3.50921370465382,0,0,0,0,0,0,0,0,0,0,0,0,0,0,0,0,0,0,0,0,0,2.05333831231384,0,0,0,0,0,0,0,0,0,0,0,0,0,0,0,0,1.83871906188773,0,0,0,0,0,0,0,0,0,0,0,0,0,0,0,0,0,0,0,0,0,0,0,0,0,0,0,0,0,3.77673454057691,3.98298046904362,0,0,3.73877095877492,4.04226913659997,0,3.82590030573692,0,3.26738804124244,0,0,2.17713140953252,0,0,0,0,0,0,0,1.67069228591834,0,0,0,3.29463668774382,2.91808100002168,0,0,0,0,0,0,0,0,0,0,0,3.0359432152616,0,0,0,0,0,0,0,0,0,0,0,0,0,0,0,0,0,0,0,0,0,0,2.38112856608328,0,4.48334999922382,0,0,0,0,0,0,0,0,4.42280164328994,0,5.0032332066474,0,1.95921453051722,0,0,0,0,0,2.3840291437876,0,0,0,0,1.92529612402855,0,0,0,0,0,2.54552713210699,3.38436846755939,0,0,0,0,0,0,0,2.32308044125328
"YDL153C","SAS10",0,0,0,1.71323116330871,0,0,0,0,0,0,0,0,0,0,0,3.90865290690362,0,0,0,0,0,0,0,0,0,0,0,0,0,0,0,0,0,0,0,0,0,0,0,0,0,0,0,0,0,0,0,0,0,0,0,0,0,0,0,0,0,0,0,0,0,0,0,0,0,0,0,0,0,0,0,0,0,0,0,0,0,0,0,0,0,0,0,0,3.16507936042946,3.63757051992971,0,0,3.40372488744626,3.24918307029903,3.20966684070906,3.38953024554758,0,3.01258396103963,0,0,3.39014904916469,1.61318164486958,0,0,0,0,0,0,0,0,0,0,4.08261041004007,2.92697196360271,0,0,0,0,0,0,0,0,0,0,0,4.45183764881041,0,0,0,0,0,0,0,0,0,0,0,0,0,0,0,0,1.73708597528857,0,0,0,0,0,2.18121977064659,0,4.38771006727474,0,0,0,0,0,0,0,0,5.50608825969086,0,4.42720482567953,0,0,0,0,0,0,0,0,0,0,0,0,0,0,0,0,0,0,0,3.06799890112419,0,0,0,0,0,1.70396818745216,0,2.60225699851776
"YLR068W","FYV7",0,0,0,1.62694594654693,0,0,0,0,0,0,0,0,0,0,0,3.28056583007815,0,0,0,0,0,0,0,0,0,0,0,0,0,0,0,0,0,0,0,0,0,0,0,0,0,0,0,0,0,0,0,0,0,0,0,0,0,0,0,0,0,0,0,0,0,0,0,0,0,0,0,0,0,0,0,0,0,0,0,0,0,0,0,0,0,0,0,0,3.44579467768157,3.85186338615459,0,0,3.46710877546025,3.42964528090082,1.91776903992657,3.5371919431859,0,3.13191284423893,0,0,0,0,0,0,0,0,0,0,0,0,0,0,3.38937166647251,3.21842422018259,0,0,0,0,0,0,0,0,0,0,0,2.67607251362805,0,0,0,0,0,0,0,0,0,0,0,0,0,0,0,0,1.76371853450672,0,0,0,0,0,1.90531357688676,0,3.98024501693561,0,0,0,0,0,0,0,0,4.36347068152629,0,4.62740431983439,0,0,0,0,0,0,0,0,0,0,0,0,1.88116769236437,0,0,0,0,0,0,2.64091681613259,0,0,0,0,0,0,0,0
"YFR001W","LOC1",0,0,0,2.01880489472904,0,0,0,0,0,0,0,0,0,0,0,3.56206410004506,0,0,0,0,0,0,0,0,0,0,0,0,0,0,0,0,0,0,0,0,0,0,0,0,0,0,0,0,0,0,0,0,0,0,0,0,0,0,0,0,0,0,0,0,0,0,0,0,0,0,0,0,0,0,0,0,0,0,0,0,0,0,0,0,0,0,0,0,3.92013397248123,4.07993262774329,0,0,3.87608663664921,3.63403077191109,2.17715010082039,3.91381112783682,0,3.75961668118773,0,0,1.54832985234311,2.01105296903003,0,0,0,0,0,0,0,0,0,0,3.84546199377569,3.40489900900752,0,0,0,0,0,0,0,0,0,0,0,3.01441926138324,0,0,0,0,0,0,0,0,0,0,0,0,0,0,0,0,1.97794737554339,0,0,0,0,0,2.989337446003,0,5.15714430278111,0,0,0,0,0,0,0,0,5.50981092980206,0,5.55431906737886,0,0,0,0,0,0,0,0,0,0,0,0,2.419481703208,0,0,0,0,0,0,2.78643305178398,0,0,0,0,0,0,0,0
"YIL096C","BMT5",0,0,0,0,0,0,0,0,0,0,0,0,0,0,0,0,0,0,0,0,0,0,0,0,0,0,0,0,0,0,0,0,0,0,0,0,0,0,0,0,0,0,0,0,0,0,0,0,0,0,0,0,0,0,1.86465259647795,0,0,0,0,0,0,0,0,0,0,0,0,0,0,0,0,0,0,0,0,0,0,0,0,0,0,0,0,0,0,4.14129386244931,0,0,0,2.51102431656848,2.50108017891541,2.77763609261047,0,0,0,0,0,0,0,0,0,0,0,0,0,0,0,0,3.76319735187915,2.97079444971876,0,0,0,0,0,0,0,0,0,0,0,0,0,0,0,0,0,0,0,0,0,0,0,0,0,0,0,0,1.57641345558508,0,0,0,0,0,0,0,3.3319753378891,0,0,0,0,0,0,0,0,5.04193963056348,0,4.35181755619504,0,0,0,0,0,0,0,0,0,0,0,0,0,0,0,0,0,0,2.6762526283112,3.63833384557455,0,0,0,0,0,1.81106133462365,0,2.45681596466494
"YKL099C","UTP11",0,0,0,0,0,0,0,0,0,0,0,0,0,0,0,3.34324505450867,0,0,0,0,0,0,0,0,0,0,0,0,0,0,0,0,0,0,0,0,0,0,0,0,0,0,0,0,0,0,0,0,0,0,0,0,0,0,0,0,0,0,0,0,0,0,0,0,0,0,0,0,0,0,0,0,0,0,0,0,0,0,0,0,0,0,0,0,0,0,0,0,3.31742125084325,3.48200930509128,0,3.29163304220028,0,0,0,0,0,0,0,0,0,0,0,0,0,0,0,0,3.40052116944003,2.81432786957118,0,0,0,0,0,0,0,0,0,0,0,2.64910840978693,0,0,0,0,0,0,0,0,0,0,0,0,0,0,0,0,0,0,0,0,0,0,1.78917904553285,0,3.8600298428181,0,0,0,0,0,0,0,0,5.00946729803759,0,4.91410235150051,0,0,0,0,0,0,0,0,0,0,0,0,0,0,0,0,0,0,0,2.25725100295602,0,0,0,0,0,0,0,0
"YDL213C","NOP6",0,0,0,0,0,0,0,0,0,0,0,0,0,0,0,3.47050370771421,0,0,0,0,0,0,0,0,1.43823368383001,0,0,0,0,0,0,0,0,0,0,0,0,0,0,0,0,0,0,0,0,0,0,0,0,0,0,0,0,0,0,0,0,0,0,0,0,0,0,0,0,0,0,0,0,0,0,0,0,0,0,0,0,0,0,0,0,0,0,0,2.6578772683901,3.48286372196874,0,0,2.45439893276732,0,0,2.32160722051545,0,1.80914803148732,0,0,0,0,0,0,0,0,0,0,0,0,0,0,3.43278841035563,2.42479864262629,0,0,0,0,0,0,0,0,0,0,0,3.6604825022743,0,0,0,0,0,0,0,0,0,0,0,0,0,0,0,0,1.73004734647944,0,0,0,0,0,1.99877881449622,0,3.88233552935611,0,0,0,0,0,0,0,0,4.70527745811455,0,4.22627989382188,0,0,0,0,0,0,0,0,0,0,0,0,0,0,0,0,0,0,0,0,0,0,0,0,0,0,0,0
"YPL127C","HHO1",0,0,0,0,0,0,0,0,0,0,0,0,0,0,0,3.05875601447264,0,0,0,0,0,0,0,0,0,0,0,0,0,0,0,0,0,0,0,0,0,0,0,0,0,0,0,0,0,0,0,0,0,0,0,0,0,0,0,0,0,0,0,0,0,0,0,0,0,0,0,0,0,0,0,0,0,0,0,0,0,0,0,0,0,0,0,0,2.70831940171295,2.82929543558403,0,0,2.56836710697649,0,1.96315397243047,2.6232416841521,0,2.57144150714586,0,0,0,0,0,0,0,0,0,0,0,0,0,0,3.195196912013,2.88611685499629,0,0,0,0,0,0,0,0,0,0,0,2.50692387430233,0,0,0,0,0,0,0,0,0,0,0,0,0,0,0,0,1.59023596143435,0,0,0,0,0,2.43459386675278,0,3.54393278322032,0,0,0,0,0,0,0,0,4.70055406957416,0,4.92589902762632,0,0,0,0,0,0,0,0,0,0,0,0,0,0,0,0,0,0,0,2.33186712683475,0,0,0,0,0,0,0,0
"YNL308C","KRI1",0,0,0,0,0,0,0,0,0,0,0,0,0,0,0,2.66812784224394,0,0,0,0,0,0,0,0,0,0,0,0,0,0,0,0,0,0,0,0,0,0,0,0,0,0,0,0,0,0,0,0,0,0,0,0,0,0,0,0,0,0,0,0,0,0,0,0,0,0,0,0,0,0,0,0,0,0,0,0,0,0,0,0,0,0,0,0,2.34722813465034,2.99392809675456,0,0,2.95640761845067,0,0,2.92252525170124,0,2.90487986699292,0,0,0,0,0,0,0,0,0,0,0,0,0,0,2.16502509023211,0,0,0,0,0,0,0,0,0,0,0,0,2.85034505636592,0,0,0,0,0,0,0,0,0,0,0,0,0,0,0,0,0,0,0,0,0,0,0,0,3.97914292259166,0,0,0,0,0,0,0,0,4.56344168144632,0,3.02703172868689,0,0,0,0,0,0,0,0,0,0,0,0,0,0,0,0,0,0,0,3.05651088226096,0,0,0,0,0,0,1.50860611261686,2.26911666958236
"YGR103W","NOP7",0,0,0,0,0,0,0,0,0,0,0,0,0,0,0,2.22605233364978,0,0,0,0,0,0,0,0,0,0,0,0,0,0,0,0,0,0,0,0,0,0,0,0,0,0,0,0,0,0,0,0,0,0,0,0,0,0,0,0,0,0,0,0,0,0,0,0,0,0,0,0,0,0,0,0,0,0,0,0,0,0,0,0,0,0,0,0,1.66427874389885,2.38147636667483,0,0,2.2596447503086,2.29758694793703,0,2.2671313784829,0,1.67765819787045,0,0,0,0,0,0,0,0,0,0,0,0,0,0,2.33417421499449,0,0,0,0,0,0,0,0,0,0,0,0,2.16382442304355,0,0,0,0,0,0,0,0,0,0,0,0,0,0,0,0,0,0,0,0,0,0,0,0,2.93362373374789,0,0,0,0,0,0,0,0,2.82257006436513,0,1.95742014606922,0,0,0,0,0,0,0,0,0,0,0,0,0,0,0,0,0,0,0,2.28963784058814,0,0,0,0,0,0,0,1.67837852991684
"YGL078C","DBP3",0,0,0,0,0,0,0,0,0,0,0,0,0,0,0,2.40224578755314,0,0,0,0,0,0,0,0,0,0,0,0,0,0,0,0,0,0,0,0,0,0,0,0,0,0,0,0,0,0,0,0,0,0,0,0,0,0,0,0,0,0,0,0,0,0,0,0,0,0,0,0,0,0,0,0,0,0,0,0,0,0,0,0,0,0,0,0,2.23728238605411,2.23711422194209,0,0,2.35519459396646,0,0,2.17961224577617,0,2.02387369143616,0,0,0,0,0,0,0,0,0,0,0,0,0,0,2.20924544928511,2.04903169560431,0,0,0,0,0,0,0,0,0,0,0,2.00550325609925,0,0,0,0,0,0,0,0,0,0,0,0,0,0,0,0,0,0,0,0,0,0,1.50229537928431,0,3.00496452286431,0,0,0,0,0,0,0,0,3.05151027239756,0,3.16952266666842,0,0,0,0,0,0,0,0,0,0,0,0,0,0,0,0,0,0,0,2.06481593957919,0,0,0,0,0,0,0,1.43188798450289
"YNL091W","NST1",0,0,0,0,0,0,0,0,0,0,0,0,0,0,0,3.4203621027773,0,0,0,0,0,0,0,0,0,0,0,0,0,0,0,0,0,0,0,0,0,2.05564037872262,0,0,0,0,0,0,0,0,0,0,0,0,0,0,0,0,0,0,0,0,0,0,0,0,0,0,0,0,0,0,0,0,0,0,0,0,0,0,0,0,0,0,0,0,0,0,2.58846073394266,3.22323607140099,0,0,3.28408802169478,3.15900827463619,0,3.48069419646521,0,2.90994505179654,0,0,0,0,0,0,0,0,0,0,0,0,0,0,3.40438821641962,2.1939125313384,0,0,0,0,0,0,0,0,0,0,0,3.47591730554034,0,0,0,0,0,0,0,0,0,0,0,0,0,0,0,0,0,0,0,0,0,0,0,0,3.36316220243668,0,0,0,0,0,0,0,0,4.16362516541517,0,3.4418955103481,0,0,0,0,0,0,0,0,0,0,0,0,0,0,0,0,0,0,0,3.71476897044733,0,0,0,0,0,2.35532824597185,2.21373494739415,2.93605975921011
"YPR137W","RRP9",0,0,0,0,0,0,0,0,0,0,0,0,0,0,0,2.57242883679856,0,0,0,0,0,0,0,0,0,0,0,0,0,0,0,0,0,0,0,0,0,1.52737177216658,0,0,0,0,0,0,0,0,0,0,0,0,0,0,0,0,0,0,0,0,0,0,0,0,0,0,0,0,0,0,0,0,0,0,0,0,0,0,0,0,0,0,0,0,0,0,2.05263382470115,3.3285186462857,0,0,3.42051959181972,3.19007457155387,0,3.36729493754778,0,3.04344625421805,0,0,1.7113268511077,0,0,0,0,0,0,0,0,0,0,0,2.63398137923348,2.18021431651857,0,0,0,0,0,0,0,0,0,0,0,2.83814956470511,0,0,0,0,0,0,0,0,0,0,0,0,0,0,0,0,0,0,0,0,0,0,0,0,3.08014358507645,0,0,0,0,0,0,0,0,4.2373459009546,0,3.10865215763054,0,0,0,0,0,0,0,0,0,0,0,0,0,0,0,0,0,0,0,2.50365341223729,0,0,0,0,0,1.61154178103198,0,2.22836436391874
"YKL172W","EBP2",0,0,0,0,0,0,0,0,0,0,0,0,0,0,0,2.42983653712541,0,0,0,0,0,0,0,0,0,0,0,0,0,0,0,0,0,0,0,0,0,0,0,0,0,0,0,0,0,0,0,0,0,0,0,0,0,0,0,0,0,0,0,0,0,0,0,0,0,0,0,0,0,0,0,0,0,0,0,0,0,0,0,0,0,0,0,0,2.11836057184413,2.96063966424681,0,0,2.71520709834659,2.93830376433351,0,2.88996165808232,0,2.24255010754062,0,0,0,0,0,0,0,0,0,0,0,0,0,0,2.64552501004849,1.83975231878421,0,0,0,0,0,0,0,0,0,0,0,2.61617023946888,0,0,0,0,0,0,0,0,0,0,0,0,0,0,0,0,0,0,0,0,0,0,0,0,3.26091585079079,0,0,0,0,0,0,0,0,3.50326714825961,0,2.92461965680093,0,0,0,0,0,0,0,0,0,0,0,0,0,0,0,0,0,0,0,2.47238444879261,0,0,0,0,0,0,0,2.04256784888858
"YCL054W","SPB1",0,0,0,0,0,0,0,0,0,0,0,0,0,0,0,2.79717238433335,0,0,0,0,0,0,0,0,0,0,0,0,0,0,0,0,0,0,0,0,0,0,0,0,0,0,0,0,0,0,0,0,0,0,0,0,0,0,0,0,0,0,0,0,0,0,0,0,0,0,0,0,0,0,0,0,0,0,0,0,0,0,0,0,0,0,0,0,1.73881502702937,2.66643745156216,0,0,2.47024141670881,2.62468448938826,0,2.74174863164918,0,2.09062371285371,0,0,1.85143292854053,0,0,0,0,0,0,0,0,0,0,0,2.92499985280041,2.21982803233685,0,0,0,0,0,0,0,0,0,0,0,2.60913073181017,0,0,0,0,0,0,0,0,0,0,0,0,0,0,0,0,0,0,0,0,0,0,0,0,2.94878869057365,0,0,0,0,0,0,0,0,3.18077641179458,0,3.06657996963687,0,0,0,0,0,0,0,0,0,0,0,0,0,0,0,0,0,0,0,2.28467402349296,0,0,0,0,0,0,0,1.62048103286782
"YGR159C","NSR1",0,0,0,5.48766243485926,0,0,0,0,0,2.59714492423182,0,0,0,0,0,5.14616502578705,0,0,0,0,0,0,0,0,0,0,0,0,0,0,0,0,0,0,0,0,0,2.37160617437764,0,0,0,0,0,0,0,2.67125926176964,0,0,0,0,2.70447921082321,0,0,0,2.46889535378485,0,0,0,0,0,0,0,0,0,0,0,0,0,4.59693022008691,0,0,1.64165546255561,0,0,0,0,0,0,0,0,0,0,0,0,5.20993789503102,3.42068141554686,4.90233126517562,2.00141188583708,5.08104231033624,5.43409327727637,5.86176609586097,4.72998410929507,4.68934217063953,4.28430663321139,3.48325144728952,0,5.97538972150597,4.59742336028837,0,2.80232454742864,0,0,0,3.21440245441824,2.97635591421826,0,6.28597261551433,3.09608076075485,5.57634329317868,4.21559448781242,0,3.61787551602985,0,0,1.99683324562315,0,2.03644176773796,0,3.55535114992087,2.13046349582559,3.48106539345231,6.71038053050372,0,0,0,4.4856186593362,0,0,0,0,0,4.29662475471747,2.6613027356522,0,0,0,0,0,4.26005415737145,0,0,0,3.09240493968021,0,3.67387487802797,0,4.90798820610078,0,0,0,0,0,0,0,0,6.50050478309374,0,6.15221120748571,0,3.81250795935469,0,0,4.32621916554955,2.69969701165954,0,2.72444623476871,2.19614573761918,0,0,0,2.87697572789615,2.32775634817079,2.783116220212,0,0,1.78132649377548,3.35387727424529,4.54284810558724,0,0,0,1.94042254560276,0,4.35023343089113,1.83297292729402,2.87241266986349
"YML093W","UTP14",0,0,0,0,0,0,0,0,0,0,0,0,0,0,2.04322820966891,5.51943743646251,0,0,0,0,0,0,0,0,0,0,0,0,0,0,0,0,1.65431881363449,0,0,0,0,2.64706051756303,0,0,0,0,0,0,0,0,0,0,0,0,0,0,0,0,3.0895938813353,0,0,0,0,0,0,0,3.77125629743163,0,0,0,0,0,0,0,0,0,0,0,0,0,0,0,0,0,0,0,0,0,4.5122372413232,3.66923136992315,0,2.38312617800224,5.03841788810066,5.04593000516831,0,4.76448631682096,0,0,0,0,4.82538306131131,0,0,0,0,0,0,0,2.40179535421139,0,3.11056106229867,0,5.46871935192782,4.57516925287296,0,0,0,0,0,0,0,0,2.8328521675408,0,0,6.37324258208352,0,0,0,0,0,0,0,0,0,0,0,0,0,0,0,0,2.53767155922969,0,0,0,0,0,4.2178874227407,0,0,0,2.74193159253755,0,0,0,0,0,0,7.43376197612924,0,6.37140423944317,0,0,0,0,2.87628343476074,0,0,0,0,0,0,0,0,0,0,0,0,0,3.82087452472632,0,0,0,0,2.92888595264497,0,3.0589745673436,2.89396424754493,4.44827195347541
"YIL127C","RRT14",0,0,0,2.31289696847437,0,0,0,0,0,0,0,0,0,0,0,4.02443442638804,0,0,0,0,0,0,0,0,0,0,0,0,0,0,0,0,0,0,0,0,0,0,0,0,0,0,0,0,0,0,0,0,0,0,0,0,0,0,1.4731186176519,0,0,0,0,0,0,0,0,0,0,0,0,0,0,0,0,0,0,0,0,0,0,0,0,0,0,0,0,0,3.83630870236306,3.54274224812233,0,0,3.53807203517717,3.49651039764068,3.4812346143124,2.91912688672614,0,3.29880303993335,0,0,3.54061577781007,2.33855641521179,0,0,0,0,0,1.61437580734179,2.13592910594882,0,3.20913788431172,0,4.43074660041579,3.94200909982674,0,0,0,0,0,0,0,0,1.61429388992054,0,0,4.10150668593765,0,0,0,0,0,0,0,0,0,0,0,0,0,0,0,0,1.73910748444923,0,0,0,0,0,2.32057268854826,0,4.31672894831732,0,0,0,0,0,0,0,0,4.66080448615648,0,5.30479618327841,0,0,0,0,0,0,0,3.49295174984085,0,0,0,0,0,0,0,0,0,0,0,3.10358500870273,0,0,0,0,0,1.75504417951208,0,2.33203982326027
"YOR287C","RRP36",0,0,0,2.51076353674603,0,0,0,0,0,1.68060497045852,0,0,0,0,0,4.66480564665998,0,0,0,0,0,0,0,0,0,0,0,0,0,0,0,0,0,0,0,0,0,1.45410255742741,0,0,0,0,0,0,0,1.80263840932167,0,0,0,0,0,0,0,0,2.00446361242796,0,0,0,0,0,0,0,0,0,0,0,0,0,0,0,0,0,0,0,0,0,0,0,0,0,0,0,0,0,4.02505739293907,4.10218110496058,1.63199848708849,0,4.06284755601404,4.13459425637725,4.46083621177792,3.64696495423887,0,3.7329226033822,0,0,4.69928040790001,2.31106086635575,0,0,0,0,0,1.87442076570151,2.45155345373431,0,3.95834523828532,0,4.90483281697299,0,0,0,0,0,0,0,0,0,1.56683702636619,0,0,5.05271609879981,0,0,0,0,0,0,0,0,0,0,0,0,0,0,0,0,2.35834999274149,0,0,0,0,0,2.25128951070701,0,5.01677384298122,0,0,0,0,0,0,0,0,5.94717008993774,0,5.65266882379454,0,0,0,0,0,0,0,0,2.16453134011235,0,0,0,0,2.41587607903981,0,0,0,0,3.00987404394452,4.30446072761927,0,0,0,0,0,2.36237712396007,0,3.12593318244091
"YPR018W","RLF2",0,0,0,2.65199884324328,0,0,0,0,0,1.92835959202296,0,0,0,0,0,4.18103911788926,0,0,1.5850546264119,0,0,0,0,0,2.65340567696423,0,0,0,0,0,0,0,0,0,0,0,0,2.9023838146505,0,0,3.17183029280931,0,0,0,0,2.68837961450027,0,0,0,0,2.5849051785976,0,0,0,2.26635278279631,0,0,0,0,0,0,0,0,0,0,0,0,0,0,0,0,2.42097158424521,0,0,0,0,0,0,0,0,0,0,0,0,4.01843618653249,5.02414196262941,0,2.48678318738432,4.87632974467136,4.66501903175072,3.0226775542631,4.71868224266919,0,4.25325317851296,0,0,2.90376758540604,0,0,0,0,0,0,0,0,0,0,0,4.05687417989461,3.45968350439636,0,0,0,0,0,0,0,0,0,0,0,3.91042655027588,0,0,0,0,0,0,0,0,0,0,0,0,0,0,0,0,2.09049635786278,0,0,0,0,0,2.81726091586834,0,5.53251494412565,0,0,0,0,0,0,0,0,5.75936888171616,0,5.46838701432173,0,0,0,0,0,0,0,3.94595462841545,2.51276642680675,0,0,0,2.49203840544466,2.90689885240235,0,0,0,0,3.31425689795717,4.47721394175189,0,0,0,2.17801094367874,0,2.19979178014615,2.23878425741163,3.47463150098952
"YPL146C","NOP53",0,0,0,2.19238782745019,0,0,0,0,0,0,0,0,0,0,0,4.07616314016555,0,0,0,0,0,0,0,0,0,0,0,0,0,0,0,0,0,0,0,0,0,1.96871063330314,0,0,2.20902170155354,0,0,0,0,1.92491527225778,0,0,0,0,0,0,0,0,2.09312363285297,0,0,0,0,0,0,0,0,0,0,0,0,0,2.09831975049225,0,0,1.72702656826915,0,0,0,0,0,0,0,0,0,0,0,0,3.72143607005573,4.00763020486637,0,0,3.88849747319789,3.5955207744244,2.70251636740537,3.59113645028977,0,3.60779334694054,0,0,2.83789540180809,1.7833440229698,0,0,0,0,0,0,0,0,2.735130301575,0,3.89063663720022,3.40990579177188,0,0,0,0,0,0,0,0,0,0,0,3.79093560439181,0,0,0,0,0,0,0,0,0,0,0,0,0,0,0,0,1.82567175841076,0,0,0,0,0,2.15614476095034,0,4.51001012504827,0,0,0,0,0,0,0,0,5.46334107225571,0,4.94713859207375,0,0,0,0,0,0,0,3.44004305494839,2.00224983117121,0,0,0,1.85977197474277,2.19489114190206,0,0,0,0,3.01527041237457,3.95165585719574,0,0,0,1.57353066002951,0,2.23818853319856,0,2.92066072871097
"YNL110C","NOP15",0,0,0,2.5427986854964,0,0,0,0,0,1.8384143724984,0,0,0,0,0,4.09324901723373,0,0,0,0,0,0,0,0,2.1702182472518,0,0,0,0,0,0,0,0,0,0,0,0,2.10287121906514,0,0,2.91011935725275,0,0,0,0,2.28274730711985,0,0,0,0,2.64058098124075,0,0,0,2.56170543382974,0,0,0,0,0,0,0,0,0,0,0,0,0,2.6453125779834,0,0,2.22029547983761,0,0,0,0,0,0,0,0,0,0,0,0,4.07179059912254,4.12133921061262,1.5922835971858,0,4.29853653288907,4.17758291973557,3.3882882722638,3.73615637478179,0,4.04992563730609,0,0,3.63049456076604,1.74112631611127,0,0,0,0,0,0,0,0,3.20680482484324,0,3.63836342577038,3.01344290363051,0,0,0,0,0,0,0,0,1.62067353988793,0,0,3.98549474103326,0,0,0,0,0,0,0,0,0,0,0,0,0,0,0,0,2.31637017705343,0,0,0,0,0,2.7127813849645,0,4.76413211742361,0,0,0,0,0,0,0,0,6.02344668193533,0,5.2021642379687,0,0,0,0,2.17671208829127,0,0,4.42498740888218,2.72827179712241,0,0,0,2.59767966617581,3.26549808092278,0,0,0,0,3.46785521273787,4.15205426952881,0,0,0,2.06644876993415,0,2.33298261629366,1.85680742747745,3.10179674088558
"YDR312W","SSF2",0,0,0,3.02715342429391,0,0,0,0,0,0,0,0,0,0,0,4.49736552804985,0,0,0,0,0,0,0,0,2.57855348938383,0,0,0,0,0,0,0,0,0,0,0,0,2.40634367303757,0,0,2.8718136978018,0,0,0,0,2.51795566478597,0,0,0,0,0,0,0,0,2.89182830899675,0,0,0,0,0,0,0,0,0,0,0,0,0,2.83914077118443,0,0,2.48614242135619,0,0,0,0,0,0,0,0,0,0,0,0,4.87420788571924,5.26500861099239,1.87835513945389,0,5.1871320112394,4.99837219812213,2.64632256546464,5.10839800791789,0,4.9729615117055,0,0,2.71152092748835,1.82019524916949,0,0,0,0,0,0,0,0,2.70976076431556,0,4.31214163252451,3.67131276699203,0,0,0,0,0,0,0,0,0,0,0,4.21499089086389,0,0,0,0,0,0,0,0,0,0,0,0,0,0,0,0,2.39322339771374,0,0,0,0,0,3.07552279244066,0,5.818495523956,0,0,0,0,0,0,0,0,6.64243761354836,0,6.04833922053056,0,0,0,0,1.873894758423,0,0,4.77826903247287,2.39250912982251,0,0,0,3.10350918685937,3.34611659694831,0,0,0,0,3.58062100883506,4.87728550156306,0,0,0,2.0243203041129,0,2.55442907053125,1.91866187600854,3.19687366499666
"YPL263C","KEL3",0,0,0,1.67919473554918,0,0,0,0,0,2.89331192534585,0,0,0,0,0,4.51889720850351,0,0,2.43076223164445,0,0,0,0,2.28419801170766,0,0,2.17085452689247,0,0,0,0,0,1.9672201062761,0,0,0,0,2.39786465910165,0,0,3.7070348782098,0,0,0,0,2.7683502758555,0,0,0,0,3.09073427919012,0,0,0,0,0,0,0,0,0,0,0,0,0,0,0,0,0,0,0,0,2.27601175642706,0,0,0,0,0,0,0,0,0,0,0,0,3.09924126773321,3.46929800532179,0,0,4.47423052315572,4.01345864568941,4.05743935492242,3.75993805625329,0,3.23104070944981,0,2.26838828484617,4.01917816560528,1.87997970390437,0,0,0,0,0,0,0,0,1.73088955080274,0,4.75177439858666,3.68969355379659,0,0,0,0,0,0,0,0,0,0,0,4.80655441941351,0,0,0,0,0,0,0,0,0,0,0,0,0,0,0,1.77548586170388,0,0,0,0,0,0,3.13223941310448,0,5.15331010878739,2.61797200430147,3.0181219293114,0,0,0,0,0,0,6.46888837808133,0,4.20880613089313,0,0,2.47948277979152,0,0,0,0,0,2.79104989691323,0,0,0,0,3.39920843489044,0,0,0,0,3.10266628396798,4.58882414372334,0,0,0,2.49242068248285,0,2.59637431454503,2.80280597738831,4.07017943883241
"YPR169W","JIP5",0,0,0,3.58404447370092,0,0,0,0,0,2.65497998723983,0,0,0,0,0,4.52105542168243,0,0,0,0,0,0,0,0,3.49646299806217,0,0,0,0,0,0,0,0,0,0,0,0,2.79346185997819,0,0,3.25557919765107,0,0,0,0,2.72654500723655,0,0,0,0,3.09352222354933,0,0,0,2.96503851756987,0,0,0,0,0,0,0,0,0,0,0,0,0,0,0,0,2.80735654007251,0,0,0,0,0,0,0,0,0,0,0,0,4.50504536334714,5.08985599302297,2.27628078223224,0,5.42669870934236,5.45515955218165,3.23291244627547,5.11295172783324,0,5.39857556354664,0,0,3.1836396556677,0,0,0,0,0,0,0,2.71252145669342,0,2.46246355910066,0,4.5396804438894,3.62572540915194,0,0,0,0,0,0,0,0,2.26593063317011,0,0,3.95663111761365,0,0,0,0,0,0,0,0,0,1.5444436205742,0,0,0,0,0,0,2.62901526843787,0,0,0,0,0,3.52836552791501,0,6.39316389209895,0,0,0,0,0,0,0,0,7.40857329708353,0,6.20235120099257,0,0,0,0,0,0,0,0,0,0,0,0,0,3.86255184169181,4.24956829167893,0,0,0,4.18999744099537,5.58603568151149,0,2.72567826902694,0,2.45541108416664,0,2.78766193962013,2.56568592283932,3.93279933493512
"YDR174W","HMO1",0,0,0,0,0,0,0,0,0,3.10003221849471,0,0,0,0,0,4.88978168613327,0,0,0,0,0,0,0,2.41535091660509,2.73493331641903,0,2.31520919879878,0,0,0,0,0,0,0,0,0,0,3.2928510276035,0,0,4.10090257921914,0,0,0,0,3.27721795743465,0,0,0,0,3.39448448945767,0,0,0,0,0,0,0,0,0,0,0,3.4037012457485,0,0,0,0,0,2.51839441961107,0,0,2.75877295070578,0,0,0,0,0,0,0,0,0,0,0,0,4.10700716159141,4.32055522135308,0,2.61429267382733,5.14264618720405,4.59603140276188,4.53391378046809,4.82447934418094,0,4.93721668738809,0,1.56740947259886,4.25542067941645,2.08742773248024,0,0,0,0,0,2.11224987015961,0,0,2.16636553665258,0,4.55416981692809,4.18509211556689,0,0,0,0,0,0,0,0,2.45875362065487,0,0,5.54948365190718,0,0,0,0,0,0,0,0,0,0,0,2.09709802973485,0,0,0,1.79782639762397,2.73628791952632,0,2.2284467393362,0,0,0,3.6515475659089,0,5.72102891828695,0,0,0,0,0,0,0,0,6.88088823088084,2.35787116924926,5.68795819691246,0,0,0,0,2.53881063507568,0,0,5.57982329130323,3.4672760913836,0,0,0,3.45004243746306,4.20111665408767,0,0,0,0,4.16663394074976,5.10600409588804,0,0,0,2.91629624672998,0,2.65806176556393,2.71422480048205,4.25130542627024
"YLR399C","BDF1",0,0,0,2.93544248998725,0,0,0,0,0,2.92335472611841,0,0,0,0,0,4.419689452335,0,0,2.02113580628169,0,0,0,0,2.18775055199435,3.46038793312949,0,1.90978266982022,0,0,0,0,0,2.15943886726386,0,0,0,0,3.04987968712033,0,0,4.10690577389271,0,0,0,0,3.20334192776402,0,0,0,0,3.55747292980907,0,0,0,3.74200170625906,0,0,2.67611482721846,0,0,0,0,3.49728335280663,0,0,0,0,0,2.53945921937561,0,0,3.24994467854192,0,0,0,0,0,0,0,0,0,0,0,0,4.43429595928445,5.3093878230673,1.80122354788783,2.98913861690997,5.82985872374699,5.38674853039371,4.08816178052152,5.03940799949206,0,5.05596493466888,0,1.52097244351404,3.95424835854131,1.76008824065091,0,0,0,0,0,2.02235052794769,0,0,2.42469485664347,0,4.36205707941047,3.38100788372755,0,0,0,0,0,0,0,0,0,0,0,5.26135216635294,0,0,0,0,0,0,0,0,0,0,0,2.06366413796294,0,0,0,0,2.43648775691232,0,0,0,0,0,3.10256171777349,0,6.01436956753558,0,0,0,0,0,0,0,0,6.66087520438589,0,5.27950513628409,0,0,0,0,0,0,0,5.33497361166048,3.34494236036381,0,0,0,3.27013511043096,3.79723668153333,0,0,0,1.8678322963457,4.54267990804271,5.62186303506104,0,0,0,3.05797912198009,1.75929372399833,2.83797091984852,3.02085670690198,4.3744952923213
"YLR449W","FPR4",0,0,0,2.32001139402294,0,0,0,0,0,2.35118989968927,0,0,0,0,0,3.83271193109162,0,0,0,0,0,0,0,1.76742827896758,2.17354325687283,0,0,0,0,0,0,0,0,0,0,0,0,2.83229127039395,0,0,3.0296472083131,0,0,0,0,2.79459904712438,0,0,0,0,2.92158864704395,0,0,0,2.82566025673147,0,0,0,0,0,0,0,0,0,0,0,0,0,2.04415814230699,0,0,2.48340319971024,0,0,0,0,0,0,0,0,0,0,0,0,2.9632847074903,3.08736634763811,0,2.37899930244148,3.78092558727921,3.34712165596551,2.56449235314888,3.56928385206963,0,3.61895774560134,0,0,2.62751600867813,1.79970821325391,0,0,0,0,0,1.82422077064192,2.75723805329064,0,0,0,3.46674928337922,2.68507465172843,0,0,0,0,0,0,0,0,0,0,0,3.72619572353825,0,0,0,0,0,0,0,0,0,0,0,0,0,0,0,0,2.13026175271106,0,0,0,0,0,3.19746411580424,0,4.04391461329705,0,0,0,0,0,0,0,0,5.22053406255665,1.72013217743052,4.60385017710191,0,2.55975173018506,0,0,2.12146130429807,0,0,4.0587557660275,2.66069334668277,0,0,0,2.74383231557369,3.0969815454818,0,0,0,1.52057549058002,3.64265935373147,4.62549798384507,0,0,0,2.55854462162815,0,2.54826592056248,2.41206623664256,3.70193049097959
"YML074C","FPR3",0,0,0,3.09393669279455,0,0,0,0,0,2.68357878158569,0,0,0,0,0,3.89478970536778,0,0,1.75647211782001,0,0,0,0,1.83058638225032,3.10598441158989,0,1.82263733190779,0,0,0,0,0,0,0,0,0,0,2.95836532119485,0,0,3.76032372311971,0,0,0,0,2.99707525345175,0,0,0,0,3.25395069627769,0,0,0,3.08409231040568,0,0,2.1706038444642,0,0,0,0,3.32937732711592,0,0,0,0,0,2.62555640173145,0,0,2.75805274704982,0,0,0,0,0,0,0,0,0,0,0,0,3.46691445518831,4.11380659357123,0,2.47383691149896,4.57826548853314,3.84584172192349,3.03491901884316,4.24191058225869,0,4.6494023031933,0,0,3.12677975205653,2.04749078507917,0,0,0,0,0,1.64135258787681,2.91829022703289,0,0,0,3.35034014612086,2.92441687050094,0,0,0,0,0,0,0,0,0,0,0,3.62886001889695,0,0,0,0,0,0,0,0,0,1.62815493408586,0,0,0,0,0,0,1.99164378266746,0,0,0,0,0,3.83519421982188,0,4.86311636907326,0,0,0,0,0,0,0,0,5.75471521576337,1.83849923310326,5.34728442875217,0,3.09894634834595,0,0,2.62522489309322,0,0,4.9423202489339,3.15298441025699,0,2.6780350134806,0,3.74649605208113,3.79911732815352,0,0,0,1.68263489080724,4.10909469272736,4.9148422169162,0,0,0,2.72965571427031,0,2.58018695578113,2.4443989990039,3.63103092185999
"YPR143W","RRP15",0,0,0,2.65082989495911,0,0,0,0,0,2.76272214482748,0,0,0,0,0,5.17576577021672,0,0,1.58072111489297,0,0,0,0,0,2.57538677328422,0,1.98876368891745,0,0,0,0,0,0,0,0,0,0,2.45657206441843,0,0,3.67993399772467,0,0,0,0,2.55784959073238,0,0,0,0,3.5259484097355,0,0,0,2.9884932119263,0,0,0,0,0,0,0,0,0,0,0,0,0,3.2988050861915,0,0,2.31251866007359,0,0,0,0,0,0,0,0,0,0,0,0,4.7342800513372,5.32728172490497,0,2.45916764038711,5.46421648507929,5.0312694945432,0,5.03823737427074,0,5.25229476241857,0,0,4.70838933543192,2.39136832528605,0,0,0,0,0,2.10355180609518,3.05558106087574,0,3.51047459690354,0,5.03008748066915,4.42929804977814,0,0,0,0,0,0,0,0,0,0,0,5.50952223559012,0,0,0,0,0,0,0,0,0,0,0,0,0,0,0,0,2.08975274083473,0,0,0,0,0,0,0,6.33666198474944,0,0,0,0,0,0,0,0,6.77291657679724,0,6.13322524312407,0,0,0,0,0,0,0,5.36117774340257,2.97930514242248,0,0,0,3.6597395227427,3.81466249989691,0,0,0,0,4.27281630325335,5.47735396827015,0,0,0,2.59104395243686,0,2.97083412877687,2.39764917740773,3.961083719922
"YHR066W","SSF1",0,0,0,3.23382937708908,0,0,0,0,0,1.57331685395934,0,0,0,0,0,4.61283076746629,0,0,0,0,0,0,0,0,2.54300573885062,0,0,0,0,0,0,0,0,0,0,0,0,2.38491693531485,0,0,2.91016970410695,0,0,0,0,2.50705123846437,0,0,0,0,0,0,0,0,2.78673030079125,0,0,0,0,0,0,0,0,0,0,0,0,0,2.88300121404087,0,0,2.42385966670509,0,0,0,0,0,0,0,0,0,0,0,0,5.07614469237837,5.42224948779429,2.14002482380968,2.17372014111239,5.34681323056864,5.16811785865847,3.43016159645473,4.98767625958415,0,5.13427912186002,2.01601473572254,0,2.71263980708255,1.94599368872414,0,0,0,0,0,0,2.19948501806473,0,2.92982459073224,0,4.31741765963926,3.96299397187523,0,0,0,0,0,0,0,0,1.71308409923239,0,0,4.25888931826167,0,0,0,0,0,0,0,0,0,1.79435461067224,0,0,0,0,0,0,2.41889678401885,0,0,0,0,0,2.89376882827178,0,5.9571118083663,0,0,0,0,0,0,0,0,6.93596625569755,0,6.35532856307978,0,2.49517745316535,0,0,1.80085962616121,0,0,4.63954818832839,2.63535018973938,0,0,0,3.34569807660129,3.23339150394479,0,0,0,0,3.74832643258951,4.99111760612918,0,0,0,1.93179910408047,0,2.56734714763861,1.90974397568594,3.27090450511442
"YDR365C","ESF1",0,0,0,3.23130000313291,0,0,0,0,0,2.20213363660173,0,0,0,0,0,4.70885133236724,0,0,0,0,0,0,0,0,2.48753615627328,0,0,0,0,0,0,0,0,0,0,0,0,2.76513123921625,0,0,3.10136839303906,0,0,0,0,2.77081207703548,0,0,0,0,2.89794519135937,0,0,0,2.85919503289447,0,0,0,0,0,0,0,0,0,0,0,0,0,2.97931251848195,0,0,2.56040973422347,0,0,0,0,0,0,0,0,0,0,0,0,4.8633079987793,5.01209832408697,2.43075779139505,2.22198972478993,5.26942004084494,5.26668227082776,3.66355475608695,5.06301198424464,0,5.02806049852206,1.81438860501111,0,3.64976323515496,2.1141048675001,0,0,0,0,0,1.84740223422705,2.49653995892318,0,3.4651794737016,0,4.72078453654459,3.90674974538918,0,0,0,0,0,0,0,0,1.85768727895857,0,0,4.79991575867549,0,0,0,1.74234917210185,0,0,0,0,0,1.69946481505059,0,0,0,0,0,0,2.54267679898085,0,0,0,0,0,3.355319197791,0,5.74318525218948,0,0,0,0,0,0,0,0,6.65861819807706,0,6.86630720463828,0,2.81759332799814,0,0,2.38490988702171,0,0,4.69103031350575,2.62320820594548,0,0,0,2.94329635049537,3.00129739704404,0,0,0,0,3.7961592084825,4.93367424047364,0,0,0,2.22422397050869,0,2.92454814335042,2.0801074422175,3.49999432904871
